height,weight
160,64.8
172,73.0
168,70.6
183,79.7
175,71.4
189,85.8
156,65.9
167,65.7
195,94.4
165,66.0
162,66.8
172,66.8
185,84.6
158,64.4
157,66.3
172,73.9
156,61.7
182,82.1
162,69.2
168,70.9
167,68.5
175,70.4
164,70.3
155,67.0
183,81.8
145,54.0
161,66.8
182,80.1
169,71.4
172,69.6
172,73.0
192,88.9
175,72.6
173,75.7
170,71.6
176,74.1
180,75.6
185,80.7
172,68.3
171,74.5
153,64.9
157,64.4
190,89.3
173,78.3
170,68.0
160,62.2
170,69.6
171,72.1
160,66.2
181,76.2
161,66.7
164,65.9
170,68.0
174,72.8
171,65.7
184,83.3
173,73.2
167,73.3
182,83.5
159,63.0
167,69.0
183,81.8
157,62.9
173,78.1
171,67.6
182,77.4
169,71.6
167,65.9
174,70.7
194,94.9
182,82.7
152,64.9
154,63.0
159,60.6
153,63.2
150,63.3
167,72.8
149,56.2
155,62.1
177,77.5
180,77.1
159,62.2
174,71.1
174,74.9
159,62.4
160,65.3
169,68.0
166,67.9
155,67.5
178,76.7
162,61.8
181,79.0
168,69.4
181,80.0
158,60.6
177,79.4
169,73.8
176,76.4
166,64.3
173,71.6
168,72.8
155,61.7
173,71.2
177,73.3
176,78.6
190,89.8
190,86.5
174,72.1
183,81.4
162,62.4
173,77.4
192,89.4
164,66.4
192,92.6
155,62.6
176,74.3
168,68.1
175,76.8
156,67.5
163,67.1
172,75.8
166,63.3
168,68.4
170,72.0
155,62.9
174,75.4
164,67.6
178,76.3
168,68.6
160,65.1
187,89.4
153,58.4
187,85.3
173,70.2
156,68.6
162,63.4
166,68.3
165,69.3
172,75.4
172,72.5
178,74.3
179,77.5
173,73.4
166,68.5
172,73.2
172,73.9
159,68.6
179,71.8
164,65.4
160,65.2
180,78.9
158,59.0
171,70.2
162,67.4
156,61.1
189,87.1
166,66.2
172,72.7
180,78.5
184,84.3
148,64.8
161,61.1
164,68.1
185,88.9
171,75.6
175,78.9
156,60.4
162,68.6
168,63.3
160,68.1
171,73.1
180,76.8
172,71.9
156,61.6
172,72.0
187,88.1
177,76.1
163,69.7
190,91.4
177,73.9
164,65.2
155,60.6
150,62.3
152,61.1
176,74.9
164,71.4
155,66.5
181,82.1
156,66.9
168,66.3
192,94.1
184,81.4
188,85.7
178,75.7
152,59.4
156,66.7
172,69.4
161,67.1
177,72.8
180,78.0
164,66.0
169,65.3
158,62.3
146,59.7
173,70.1
166,65.7
165,62.2
167,71.0
143,58.7
182,80.2
161,65.7
174,74.2
189,89.7
161,68.9
176,73.9
152,63.6
175,71.0
165,69.3
174,74.9
162,65.3
160,63.0
170,71.5
197,99.9
149,62.5
165,69.7
159,58.9
178,78.2
180,81.7
169,71.8
169,72.5
172,68.0
170,72.3
179,80.2
173,76.1
159,69.9
169,69.2
183,77.0
182,83.0
170,70.8
151,61.8
184,78.8
183,83.6
166,65.4
168,68.1
164,64.6
168,69.6
170,67.4
157,62.3
165,69.9
165,68.4
173,70.3
170,73.4
180,78.2
162,64.1
163,68.1
188,85.6
180,79.9
191,90.4
155,64.5
172,74.2
172,75.5
177,75.5
177,77.2
144,55.0
178,80.5
161,67.5
183,83.0
168,70.7
181,77.6
186,84.2
169,70.1
171,73.2
182,81.2
152,60.1
175,74.0
157,65.8
189,88.5
157,65.3
181,81.4
173,72.5
174,73.6
183,88.4
154,61.4
163,65.4
176,73.3
157,63.3
168,74.1
191,89.8
182,79.0
173,72.7
176,71.6
170,65.8
187,84.4
150,57.6
167,71.2
163,69.2
175,74.3
157,59.1
164,71.1
179,78.7
180,77.9
192,88.6
175,74.7
186,84.4
175,75.1
159,62.5
163,68.8
158,62.3
160,63.7
178,75.4
182,82.7
181,79.5
166,71.3
154,63.4
177,75.3
174,73.0
183,80.0
181,76.8
186,83.4
183,80.6
180,77.2
169,68.6
163,66.6
180,77.6
173,71.8
161,65.4
170,68.9
174,71.1
188,87.9
175,75.7
162,63.3
169,67.4
174,68.4
174,75.8
178,73.3
163,67.9
166,67.7
188,85.0
168,70.7
176,75.3
171,71.0
166,65.8
166,70.8
178,78.6
173,71.8
156,64.0
178,79.4
163,66.2
186,82.0
163,60.8
172,71.6
182,81.2
186,81.7
181,82.9
171,71.5
166,69.8
180,73.8
174,74.4
183,83.8
172,73.0
186,81.8
177,79.6
180,83.7
182,77.6
171,69.4
180,77.3
171,68.2
182,80.4
186,81.6
168,65.5
173,71.2
152,66.0
188,84.7
174,70.3
186,80.3
166,65.0
155,61.7
171,72.4
181,76.6
158,65.1
180,79.1
181,73.0
165,72.2
152,59.8
158,64.8
154,63.5
180,82.5
180,77.5
162,67.1
165,64.2
155,62.8
167,64.4
176,74.1
165,65.0
182,84.6
149,62.4
188,89.1
160,67.7
159,63.0
166,70.5
167,68.3
187,82.5
154,61.5
172,70.6
183,79.7
177,77.7
171,70.3
177,76.0
182,82.1
182,83.9
159,60.7
173,72.7
196,94.5
163,67.1
167,68.5
162,67.1
171,66.3
182,83.5
180,82.2
188,89.7
164,65.5
181,78.5
161,65.0
165,66.1
188,88.9
157,67.3
179,74.6
172,67.0
162,64.0
155,62.0
188,88.2
179,77.8
172,69.0
190,86.0
158,62.0
165,70.6
185,88.0
165,68.6
186,88.0
156,64.6
163,65.2
182,81.6
172,71.6
174,73.7
170,65.3
174,75.2
170,74.5
188,82.3
165,65.3
160,64.7
169,67.8
181,81.0
180,80.5
174,75.5
175,72.1
190,90.0
168,69.4
157,66.0
184,77.6
183,86.5
155,65.6
167,70.4
162,66.4
165,68.6
180,74.2
171,73.4
165,68.6
181,81.4
164,70.6
167,68.6
169,72.5
178,74.0
160,67.7
200,101.2
167,67.6
160,63.2
170,73.0
174,71.9
182,81.9
171,72.4
165,68.0
150,64.2
193,93.2
173,74.6
169,70.7
167,66.9
165,62.9
161,68.3
174,73.2
170,67.8
166,65.6
174,73.7
179,80.4
197,96.9
166,65.2
178,74.0
173,78.3
173,72.5
184,85.0
155,60.4
168,67.6
174,68.9
149,60.3
161,62.6
170,71.3
172,65.4
175,78.3
166,70.1
173,72.8
178,77.7
165,72.3
155,62.7
171,73.4
188,85.2
186,86.5
157,62.4
176,73.5
169,70.0
158,66.1
170,68.0
148,66.8
192,93.1
174,73.8
183,77.9
169,68.9
193,92.5
154,62.1
187,85.8
156,64.4
175,75.1
181,82.5
164,66.5
164,65.0
167,68.9
164,67.5
189,88.0
154,65.7
163,66.2
186,86.0
190,93.3
193,91.7
156,64.0
166,70.0
178,76.8
170,68.8
174,73.9
166,71.8
176,73.1
167,69.5
168,73.2
172,72.3
168,69.3
153,59.8
167,70.7
183,85.6
183,83.3
159,61.0
178,80.2
164,64.4
164,65.9
162,63.0
158,63.6
188,86.7
164,66.4
161,63.7
159,62.7
186,82.4
169,70.8
174,74.1
174,68.7
167,63.5
161,67.2
187,88.2
164,69.6
162,66.3
177,74.8
160,66.5
187,86.4
176,70.2
166,68.8
171,68.8
179,75.7
167,66.4
139,57.8
186,85.0
173,75.9
196,96.6
159,66.5
173,73.8
175,74.3
169,71.2
153,58.9
168,69.6
167,71.4
197,99.4
170,73.4
175,73.1
160,68.7
158,67.4
165,65.6
165,70.9
164,64.3
177,75.0
167,68.4
188,86.1
176,75.5
172,72.7
179,77.3
178,74.4
166,63.0
157,66.3
174,78.7
170,73.4
174,75.2
171,69.3
179,74.4
173,75.3
172,74.6
184,81.6
175,76.7
174,70.6
174,74.0
187,83.6
153,60.0
167,65.7
187,91.0
188,89.2
180,76.3
189,90.8
190,89.8
175,74.6
164,64.9
151,62.3
167,69.7
179,78.8
168,71.8
179,77.8
168,66.5
162,66.1
163,65.3
168,71.4
172,70.7
166,64.8
176,76.3
159,66.6
176,74.9
169,69.3
173,70.9
162,68.7
170,73.2
158,65.7
178,78.4
183,81.8
166,69.6
182,83.8
182,79.9
177,72.2
182,81.3
184,82.7
177,79.2
186,89.6
165,68.8
160,62.8
190,90.4
165,68.0
166,65.2
154,60.3
174,73.0
181,78.0
177,77.0
167,70.8
184,84.8
167,71.7
177,78.2
174,75.0
154,60.9
166,65.3
168,70.7
172,71.7
189,87.2
154,60.4
168,70.8
176,71.6
183,79.4
168,68.5
143,59.5
166,64.8
184,86.2
149,58.5
191,91.1
167,70.7
158,61.3
171,67.2
175,74.5
199,102.5
192,88.6
149,56.9
187,86.4
182,83.9
169,71.5
157,63.6
182,79.0
165,65.1
182,82.1
160,67.6
168,69.0
186,91.0
182,82.8
184,83.9
170,69.7
179,80.7
172,71.8
173,65.6
192,90.3
164,70.6
179,77.0
192,88.0
160,61.9
192,92.8
183,84.0
184,82.6
168,64.1
178,76.0
173,73.1
176,77.7
151,63.6
178,79.7
169,68.3
160,64.1
176,80.9
172,76.5
173,72.9
165,65.3
169,71.0
182,82.1
152,65.1
170,73.4
188,82.4
178,81.0
172,69.7
190,90.0
181,79.6
173,70.7
183,77.6
169,70.7
157,62.6
177,77.7
181,80.4
158,59.3
180,83.1
160,66.2
182,82.2
167,66.8
176,77.9
147,59.4
166,65.8
160,63.0
162,66.3
168,65.4
176,77.4
171,73.6
149,57.0
169,72.2
168,69.6
174,72.8
161,70.1
165,68.4
163,66.9
157,61.9
170,72.1
187,84.0
195,95.3
152,57.2
167,70.2
152,61.9
178,72.2
182,79.3
162,66.3
163,66.4
188,88.0
184,87.0
178,73.8
190,86.8
170,70.6
164,62.2
155,65.6
161,65.8
167,64.7
178,73.1
168,67.4
155,63.0
161,65.7
162,67.4
172,68.9
169,68.0
187,82.1
159,61.5
192,89.6
165,68.8
178,75.4
181,78.5
186,88.4
182,81.2
155,62.0
184,82.5
156,60.8
171,72.0
160,61.7
180,80.4
169,72.3
183,86.8
184,83.9
167,69.4
177,75.1
185,84.3
181,82.7
168,64.5
195,95.2
178,77.1
183,80.5
176,73.9
175,73.4
162,65.3
163,63.1
151,61.2
184,81.3
163,67.3
181,81.2
174,77.2
156,60.0
164,69.2
169,67.1
188,88.1
166,63.4
174,69.1
165,69.0
165,67.1
170,77.2
172,71.6
182,85.5
181,79.0
156,59.7
180,76.0
165,65.8
152,59.6
169,70.0
186,83.4
174,75.2
168,68.4
183,83.6
193,89.3
157,61.9
166,64.4
171,73.6
184,86.3
189,91.5
189,86.5
169,72.9
154,64.2
177,76.7
165,71.2
163,68.7
177,77.4
176,73.5
196,99.1
186,87.8
167,70.8
174,71.0
184,81.9
153,59.3
183,79.5
161,66.2
178,78.1
180,77.0
194,92.7
180,78.2
175,69.7
186,87.0
158,66.6
185,80.8
174,73.0
182,78.3
181,80.9
178,78.2
149,56.5
169,66.2
185,81.4
187,90.4
159,63.2
163,68.1
148,61.6
161,64.1
189,88.4
167,67.6
187,85.7
158,60.8
185,83.5
180,77.6
165,69.0
185,84.1
167,67.8
190,88.6
164,73.9
182,78.2
154,62.0
174,72.4
192,92.2
169,68.6
163,69.8
153,62.6
174,78.2
160,65.8
161,69.0
152,59.0
179,78.7
172,67.8
175,71.6
166,66.7
160,65.2
165,66.9
152,62.4
166,67.9
176,74.1
178,77.9
155,68.3
174,76.8
163,63.5
164,67.4
167,67.6
164,68.7
168,67.8
144,62.3
180,82.0
176,78.7
163,66.9
162,66.9
203,106.3
182,82.6
175,72.6
186,85.7
188,90.2
171,73.1
164,67.3
171,70.3
161,62.3
168,70.1
178,78.3
168,70.0
154,59.7
174,69.2
166,68.3
156,60.5
172,69.8
175,77.7
171,73.4
165,65.7
175,75.6
179,73.2
156,61.6
165,66.1
180,77.6
160,66.2
160,63.4
166,67.7
164,65.8
154,61.8
180,79.5
178,73.8
170,68.1
188,84.8
165,64.3
167,72.4
160,64.0
158,63.7
174,77.1
162,64.1
170,69.1
182,74.0
167,68.3
180,78.1
173,75.9
174,71.0
159,69.4
162,68.0
176,78.8
164,69.8
171,71.2
181,77.6
187,86.7
193,92.9
163,66.0
161,68.2
170,70.6
149,57.0
176,77.1
179,78.4
160,66.7
142,56.4
176,74.9
180,79.2
156,64.5
166,64.5
168,68.3
178,80.6
165,67.1
178,74.3
166,67.8
183,80.1
179,78.8
170,71.3
173,70.5
178,76.4
181,75.9
158,66.8
165,67.6
166,61.4
174,78.7
176,75.6
160,64.2
165,68.5
185,83.0
168,72.9
157,63.6
179,80.6
178,74.0
161,67.5
162,62.2
184,86.5
185,80.8
171,68.6
158,63.2
172,72.8
157,61.7
169,67.9
186,86.9
154,62.8
172,73.7
178,75.9
188,84.5
172,73.6
185,84.3
171,72.0
198,98.4
184,83.2
163,68.7
167,71.1
181,79.4
158,64.9
186,90.1
164,68.8
183,80.1
163,63.0
147,58.2
153,61.6
163,69.7
164,70.8
175,74.1
148,61.1
145,60.0
180,79.3
170,68.5
190,90.2
186,84.1
181,78.4
168,71.2
175,76.3
164,71.9
181,83.7
175,75.2
166,67.3
150,63.8
162,61.6
164,68.6
189,87.8
155,62.7
172,73.0
158,61.3
181,79.0
181,83.1
174,76.2
159,69.5
182,79.7
175,71.8
170,73.1
189,88.0
165,66.6
159,65.4
172,71.9
178,79.5
154,63.2
173,73.2
174,71.6
173,68.6
162,69.3
183,84.1
183,83.3
188,89.1
153,62.7
172,74.2
162,67.0
169,66.9
160,66.6
157,65.3
171,73.9
169,69.9
167,71.6
186,83.7
187,84.4
178,72.6
160,67.3
184,80.6
176,73.0
166,65.5
179,78.9
175,72.8
191,93.0
171,69.8
167,67.3
167,69.0
154,63.1
172,70.1
159,63.2
165,64.9
180,79.5
176,77.2
190,92.4
154,58.0
168,73.6
188,83.8
164,66.5
155,65.5
154,60.8
147,60.6
170,69.8
186,87.3
149,57.7
176,74.5
190,92.4
157,66.4
186,82.8
189,86.8
184,85.5
157,62.5
184,82.9
164,69.5
167,71.5
146,56.7
185,82.8
154,60.2
172,71.9
178,75.9
164,64.8
178,78.6
175,69.9
145,61.0
171,72.5
175,72.9
200,105.7
168,74.3
162,70.2
156,64.8
162,67.4
174,70.2
152,62.6
195,95.9
187,86.1
181,79.6
186,82.1
180,78.8
186,82.9
148,56.4
164,68.5
172,70.0
181,82.8
176,73.8
162,65.8
173,71.7
168,70.9
196,96.7
163,64.8
177,72.7
184,80.8
182,83.3
161,60.6
165,69.4
181,80.2
170,69.0
175,76.6
186,84.8
172,73.5
195,98.3
154,65.8
180,76.3
186,82.2
189,83.5
176,74.9
168,70.1
184,82.0
174,73.0
154,63.0
174,74.3
163,61.5
156,64.3
186,85.3
172,69.2
157,60.6
174,70.3
161,68.2
178,77.7
168,69.4
181,76.3
161,66.3
169,68.6
165,66.6
174,71.6
178,76.2
167,67.7
151,58.0
160,68.3
153,57.4
176,76.1
195,94.4
174,74.4
177,76.2
165,68.6
162,64.3
166,69.0
178,78.4
186,82.2
172,77.0
165,66.9
186,82.1
188,81.9
182,77.1
180,77.2
176,73.9
189,89.9
164,71.0
167,65.7
150,58.3
153,60.4
194,101.1
154,63.2
175,75.5
164,70.9
160,67.4
187,84.1
177,74.9
174,74.0
178,77.0
163,67.3
185,79.2
162,64.5
170,74.1
181,82.1
172,70.8
179,79.4
186,80.7
160,60.6
171,70.6
156,62.4
172,72.6
178,79.8
187,86.5
158,64.5
174,72.3
192,91.0
183,79.9
172,74.5
184,83.1
184,80.3
183,79.0
160,62.5
182,79.1
181,81.5
163,66.9
152,61.2
169,73.8
178,76.1
176,77.9
174,74.4
181,82.1
164,63.9
161,63.3
182,82.0
170,70.3
171,70.3
157,68.8
170,64.2
167,64.1
178,76.4
154,63.3
185,82.2
165,67.9
160,65.3
160,64.8
171,71.1
153,59.8
172,77.0
155,62.0
182,78.2
159,65.8
160,65.2
189,85.5
178,77.1
181,81.6
179,78.5
166,67.3
164,67.2
154,61.9
189,86.5
182,79.4
159,63.7
160,71.4
180,78.7
185,85.7
152,54.6
165,62.6
160,68.2
159,64.9
168,66.4
169,68.4
190,87.3
157,63.1
193,92.0
178,76.2
178,80.5
178,75.5
158,66.7
160,61.4
181,79.2
194,95.7
186,84.3
178,77.8
172,72.5
161,66.8
161,64.2
158,65.7
175,70.7
171,68.7
183,77.2
169,65.3
176,75.9
178,77.4
162,59.8
155,61.5
169,69.9
178,73.1
174,72.1
179,75.6
185,80.1
154,63.6
178,76.4
173,77.0
178,79.0
173,69.1
179,74.8
164,64.1
165,73.8
162,65.0
173,72.6
172,72.8
168,70.8
164,67.7
180,75.8
175,78.9
166,63.9
156,62.9
166,69.2
196,91.4
179,77.2
194,99.1
170,67.5
178,77.8
157,63.9
159,66.4
158,64.2
199,101.5
182,83.2
189,91.5
174,77.3
162,63.0
169,70.1
162,68.3
176,76.5
145,57.8
163,68.4
164,66.1
176,75.0
160,65.6
164,69.1
183,81.5
163,63.9
166,66.1
177,74.7
179,76.2
167,73.6
153,59.0
166,68.3
183,82.9
176,76.0
194,98.6
172,75.2
184,82.0
185,84.5
180,76.5
157,62.9
159,63.0
195,97.9
193,90.8
188,90.5
165,67.3
153,60.1
186,82.4
175,76.1
172,71.6
177,76.7
172,73.7
162,59.8
176,74.2
170,70.4
180,82.4
188,88.2
159,60.7
182,77.9
181,79.7
185,84.2
173,76.4
171,68.8
152,60.1
167,68.5
169,69.9
164,67.0
157,63.4
177,76.9
177,74.5
160,60.1
168,69.7
173,76.1
180,78.8
170,69.1
167,68.1
169,65.6
158,65.0
178,75.7
172,74.3
168,67.9
157,65.9
176,74.6
192,94.6
181,81.5
174,72.9
171,73.9
180,80.7
154,66.9
162,70.1
172,69.7
187,83.4
182,85.3
169,72.6
162,66.8
175,71.9
155,65.5
174,73.2
168,69.1
176,73.1
167,65.4
172,71.1
159,65.7
177,79.1
166,67.7
176,75.7
192,100.7
188,82.9
174,75.4
181,78.5
153,58.8
171,74.6
154,60.3
193,85.7
169,71.5
182,77.5
165,73.2
169,72.3
182,80.8
150,59.4
192,90.6
160,63.6
171,72.2
173,69.6
175,80.8
178,81.0
156,55.0
166,73.4
183,82.4
154,66.3
192,88.5
179,75.4
170,70.7
184,82.9
184,79.9
166,71.4
170,74.6
185,82.2
170,71.4
175,73.3
174,75.2
184,85.6
188,89.3
192,92.7
166,68.0
184,86.9
180,79.2
171,74.8
154,59.9
183,81.8
196,97.0
170,68.7
142,55.9
170,69.2
173,76.5
151,59.5
194,92.0
151,61.0
151,65.5
178,72.3
165,64.9
172,68.7
173,69.2
166,70.2
167,74.7
171,70.7
176,77.6
167,69.9
195,96.9
178,76.3
177,78.3
164,71.2
184,76.3
169,67.2
176,75.7
161,62.8
189,90.5
175,78.2
179,78.3
173,77.9
164,68.0
159,66.3
176,74.1
168,68.9
184,83.0
168,69.7
145,58.9
152,60.5
176,79.0
193,94.1
164,66.0
174,74.0
164,64.5
163,69.9
181,83.0
187,83.4
172,71.6
186,87.2
161,67.3
186,84.7
164,66.5
171,73.4
184,84.8
173,75.7
152,62.4
168,70.8
190,90.8
171,76.0
167,68.5
172,75.5
186,84.8
143,57.0
173,76.5
178,75.6
168,68.4
191,93.8
163,69.1
173,71.0
155,60.4
153,66.6
161,60.4
188,88.5
146,57.9
169,76.8
147,59.8
168,69.9
183,81.0
160,63.2
160,65.9
148,58.5
180,78.7
186,82.4
158,66.5
170,71.3
164,64.9
174,72.0
170,69.3
150,64.0
157,66.4
196,96.3
150,61.2
192,94.9
182,79.7
168,75.1
158,64.0
174,71.7
163,69.4
184,82.6
171,69.8
193,96.3
185,86.4
172,73.4
184,83.9
163,62.2
182,84.8
167,66.1
176,70.1
180,75.6
157,59.6
180,80.0
182,79.2
190,91.1
157,61.9
194,91.6
175,78.3
183,80.4
171,70.6
166,73.4
175,72.4
164,64.1
170,69.1
184,84.2
179,81.7
174,71.6
166,67.8
156,61.7
164,66.6
159,65.4
171,73.2
164,66.4
156,64.8
169,69.2
173,68.5
187,84.8
172,69.7
183,82.4
186,83.3
176,78.2
178,80.3
174,73.7
160,67.7
191,89.3
157,63.5
170,69.8
186,82.2
177,70.2
163,64.3
166,69.5
182,76.9
188,86.9
175,75.2
152,60.9
171,74.1
156,58.8
156,61.1
164,65.9
191,89.7
173,69.1
161,63.8
165,67.3
182,84.2
165,66.1
153,62.3
156,60.5
164,69.4
164,70.0
173,78.2
146,62.9
188,87.7
178,75.6
166,70.6
177,70.8
195,92.7
157,63.1
167,67.7
171,71.5
176,75.5
168,74.7
164,66.4
168,67.2
164,69.9
175,72.0
172,73.3
189,87.9
156,62.8
162,68.8
168,67.6
166,67.1
181,76.2
156,61.2
182,80.1
196,93.7
170,67.8
167,69.6
166,69.0
187,83.8
188,85.6
161,63.8
155,69.6
153,60.9
159,59.5
175,75.2
158,64.1
160,66.2
172,65.8
171,72.1
179,74.8
184,80.6
172,75.5
148,59.5
203,105.7
170,76.0
186,86.6
172,73.1
172,68.8
174,73.4
188,90.1
151,59.3
171,74.7
170,71.5
169,71.9
174,75.1
168,70.8
187,88.8
191,91.9
159,63.7
178,80.0
176,79.5
187,89.5
150,64.9
169,66.3
182,78.5
168,67.6
177,74.8
171,71.6
177,76.9
193,95.7
181,78.5
168,64.7
161,67.1
169,67.9
184,84.9
174,73.2
168,70.3
170,73.7
190,87.3
158,60.8
163,67.2
193,94.4
155,62.1
179,77.1
169,70.3
156,64.0
171,68.7
154,60.3
190,90.9
174,78.8
173,69.6
184,79.0
184,79.2
164,71.0
163,68.2
169,70.7
174,74.4
187,86.1
167,66.6
167,68.0
156,64.5
158,61.0
172,78.0
170,70.3
158,64.5
178,75.5
168,72.8
157,63.4
157,63.5
175,75.8
170,72.8
165,64.5
181,82.7
181,81.1
171,67.9
165,72.0
163,66.3
161,68.3
167,70.9
159,70.0
153,63.3
157,65.8
183,78.6
176,70.9
172,69.0
195,96.5
167,63.2
176,73.3
194,96.1
144,54.8
186,85.1
156,63.3
170,72.8
184,83.4
169,65.4
167,68.4
177,80.7
187,82.8
159,64.1
171,73.1
179,73.8
172,75.5
184,86.6
167,67.2
164,65.9
178,76.4
148,62.3
186,83.5
188,87.4
172,70.4
150,62.1
169,69.9
156,66.4
168,71.4
185,82.7
183,79.3
159,67.1
165,65.0
166,65.8
167,65.0
170,74.4
184,81.1
160,66.6
160,63.6
186,89.2
160,63.5
179,75.2
180,80.3
157,62.6
168,69.0
189,86.9
186,83.6
164,68.3
161,67.2
162,65.2
177,72.3
178,77.1
169,72.1
184,79.1
173,74.6
172,72.1
192,92.2
174,75.3
189,87.1
178,76.7
165,66.1
156,59.8
164,69.2
182,81.3
168,72.2
148,58.0
186,82.8
160,58.4
174,71.9
164,66.0
164,68.1
160,65.9
173,73.4
173,71.0
156,61.8
171,71.8
160,59.7
151,58.9
177,74.4
167,68.8
174,71.0
150,60.1
184,84.4
176,78.0
161,65.6
159,64.7
150,61.7
180,83.1
159,62.9
173,71.4
183,83.4
160,67.8
170,65.9
175,72.8
175,75.3
174,70.3
172,73.4
157,65.1
170,73.1
157,64.7
172,76.8
161,63.4
167,65.2
167,71.5
176,72.3
185,85.4
164,66.7
190,88.6
175,77.6
184,80.6
169,68.6
192,86.1
182,80.1
173,73.2
167,70.2
173,70.5
182,76.1
184,83.3
193,94.1
166,67.0
176,73.7
168,71.7
180,80.8
163,68.5
164,67.0
184,86.1
170,69.0
195,98.8
166,65.2
195,97.6
173,75.0
175,74.0
152,59.6
156,62.3
184,80.7
188,87.9
175,69.8
180,77.7
160,60.1
159,65.9
167,68.1
165,64.7
183,81.7
170,71.2
177,74.3
165,68.5
164,73.8
165,68.6
163,68.7
180,74.8
176,72.3
166,70.4
176,78.5
180,79.2
151,63.4
178,74.6
180,80.0
167,65.9
167,63.1
162,67.7
164,66.9
173,73.4
162,69.0
159,63.2
157,63.8
167,66.8
175,72.9
173,75.8
174,75.2
178,78.2
180,75.6
175,78.8
162,71.2
171,71.0
165,70.7
170,69.8
179,80.0
172,70.4
157,58.8
164,70.7
176,77.6
158,63.8
152,62.2
160,66.1
183,83.2
182,78.0
167,71.6
157,63.4
174,73.1
176,72.6
176,77.6
161,65.2
162,67.0
179,74.5
162,65.2
180,80.0
176,73.0
178,79.1
193,91.1
151,60.7
173,75.9
172,74.4
163,70.5
165,66.6
173,76.8
164,69.7
187,89.2
166,67.1
186,84.8
171,71.6
167,71.7
154,64.7
179,76.2
184,82.1
172,70.1
176,74.4
168,66.5
167,67.8
189,90.7
168,76.1
159,69.2
164,68.5
160,66.5
170,69.8
180,77.2
187,86.8
166,68.6
181,83.9
182,80.2
174,72.4
160,67.4
168,69.1
179,77.6
166,66.1
185,83.1
151,60.1
158,60.1
188,87.4
158,62.5
162,68.4
182,82.3
163,66.0
188,83.7
174,73.7
154,63.4
176,76.7
184,82.9
155,60.8
182,83.1
180,83.1
165,69.6
172,70.7
184,80.6
163,62.7
187,85.8
166,62.5
157,66.6
167,68.0
178,74.1
166,67.2
174,77.6
166,69.5
174,75.6
159,66.5
152,60.4
178,81.0
169,69.1
170,68.3
171,71.4
168,67.8
166,70.2
172,76.9
173,71.7
181,78.0
188,87.6
172,70.7
178,73.8
170,67.6
165,63.4
188,89.8
155,63.0
170,70.2
179,75.9
189,84.9
162,65.6
174,71.5
159,63.6
168,72.0
185,76.8
191,90.3
177,78.8
169,69.4
172,68.7
182,79.4
172,71.7
162,62.4
178,75.3
166,66.1
156,68.5
172,68.6
164,67.5
171,66.9
159,65.6
171,71.7
190,89.0
176,74.2
178,75.8
178,76.3
186,85.1
172,74.3
170,72.1
178,76.5
160,64.3
181,77.5
162,63.2
171,70.8
170,73.0
169,69.5
162,67.4
176,76.8
177,77.7
180,77.5
165,69.1
185,83.4
170,67.3
186,80.9
182,79.4
160,64.5
166,68.2
175,74.0
162,66.2
173,68.0
160,66.8
172,68.3
168,68.6
174,75.5
180,80.2
182,78.9
173,74.3
165,66.6
145,58.4
177,74.9
164,66.8
184,84.1
190,88.8
173,72.6
184,82.0
169,68.0
183,81.0
164,66.7
177,72.7
177,74.4
170,69.4
175,75.4
160,62.7
172,71.6
159,62.1
186,85.3
173,74.7
177,80.8
175,73.3
160,64.3
186,76.9
162,68.9
188,86.1
166,63.5
155,63.8
190,87.7
169,69.4
180,80.2
183,82.8
170,72.8
152,64.6
182,83.0
161,64.3
196,96.4
161,68.9
180,81.3
176,73.7
158,60.8
162,66.2
174,75.6
176,76.2
161,67.1
161,68.0
172,74.1
172,70.5
190,89.9
181,77.1
150,65.4
173,68.7
171,69.7
177,74.8
179,79.9
173,72.9
173,74.4
150,59.1
169,72.5
180,72.8
174,73.2
168,69.5
173,74.8
164,67.7
167,66.3
171,63.4
169,67.9
178,75.5
163,70.2
159,63.2
160,64.8
163,70.3
169,71.1
174,78.0
147,57.3
166,67.1
176,74.2
153,61.6
176,74.0
161,67.5
177,71.4
182,81.5
171,70.4
164,66.1
145,60.3
160,64.0
162,66.6
158,65.7
188,87.0
168,70.3
170,70.2
185,83.5
178,77.3
179,78.2
154,64.5
184,81.7
181,73.8
176,73.8
166,70.5
170,68.8
168,70.2
164,64.5
162,64.6
163,63.6
172,75.1
167,70.6
158,62.0
172,70.3
169,70.9
178,76.8
171,70.7
167,67.3
172,74.3
189,85.2
151,60.8
165,63.8
163,68.2
163,68.7
201,109.3
175,73.2
175,72.4
184,79.4
180,81.5
177,75.4
167,69.4
165,71.5
182,81.3
157,62.6
168,69.3
168,72.2
156,64.8
188,80.2
173,72.3
184,81.1
178,77.9
186,86.9
189,87.9
188,86.6
164,68.5
157,62.4
158,60.7
182,80.7
160,67.7
168,68.9
170,71.0
160,62.2
171,71.6
178,74.8
155,66.7
170,71.0
181,80.9
166,71.5
161,67.7
176,69.8
185,80.4
169,71.7
186,82.8
190,85.5
169,72.2
174,72.5
165,66.1
149,58.3
171,70.0
162,67.3
190,86.4
151,64.3
154,60.8
159,65.8
166,66.2
164,62.6
162,68.0
188,89.0
172,70.2
189,80.5
151,58.4
167,69.6
158,63.8
192,93.3
164,71.3
179,77.5
190,86.0
165,67.8
177,80.8
172,72.7
188,89.1
174,76.3
185,84.2
179,79.2
167,68.9
164,64.0
180,78.9
166,70.0
185,85.0
179,76.9
176,79.5
175,76.2
183,82.4
154,61.0
166,67.4
178,76.5
169,70.8
180,80.3
161,66.8
176,75.5
160,66.0
181,80.2
162,66.1
158,63.6
177,76.5
177,77.8
155,61.5
168,69.3
168,70.2
173,74.5
174,76.8
165,69.0
177,75.4
192,89.7
172,73.1
176,77.5
186,82.4
168,70.7
157,65.3
184,78.0
163,67.3
170,71.6
164,67.0
164,65.5
181,84.0
190,91.2
172,70.3
165,67.2
178,76.1
168,74.3
170,70.8
184,82.1
179,77.7
162,67.1
184,84.9
170,70.0
164,68.5
185,86.2
181,83.6
187,81.4
158,65.5
174,76.8
165,65.0
178,77.3
196,102.2
170,70.0
163,66.1
184,83.8
178,77.3
163,67.1
164,72.3
176,74.3
155,61.0
168,71.8
172,71.1
183,79.3
169,68.1
141,55.9
186,83.9
169,68.8
161,68.2
150,61.4
161,65.8
178,76.1
165,67.0
168,69.0
173,73.8
174,75.4
166,64.8
161,60.9
188,85.3
175,76.9
176,72.6
143,56.2
157,64.4
169,71.8
164,70.0
152,60.1
173,74.4
179,73.9
177,74.4
191,89.5
168,71.4
186,86.5
171,66.9
183,80.5
168,66.9
178,73.8
167,70.5
164,65.4
173,73.2
172,71.5
152,63.8
161,67.0
143,56.6
173,71.6
165,70.3
158,59.6
162,65.5
190,87.5
192,90.0
187,88.2
192,92.1
181,84.0
170,70.0
164,67.7
166,72.1
162,65.8
161,65.1
160,65.7
170,73.0
179,74.1
183,81.3
162,62.0
184,81.8
161,68.3
155,64.7
159,69.3
170,67.3
148,61.3
158,63.5
180,77.0
160,64.5
175,74.3
183,83.2
186,85.7
182,78.1
170,72.6
174,74.1
170,68.4
159,67.3
154,62.1
160,65.8
176,77.8
178,73.2
171,66.0
171,71.8
184,80.8
176,78.5
185,78.6
195,94.4
181,82.4
150,60.8
157,60.3
171,68.6
164,70.2
182,83.8
173,74.2
194,96.7
157,61.3
154,65.3
180,78.4
180,77.8
164,66.3
173,75.1
155,64.8
159,64.4
169,71.5
164,64.8
188,93.1
161,65.9
190,91.3
174,68.6
166,69.3
174,75.1
159,65.8
180,78.9
168,70.5
180,76.0
156,62.6
188,86.7
158,63.0
174,75.1
184,80.9
183,81.2
177,78.9
149,58.1
178,77.2
171,74.4
173,76.5
171,70.6
145,63.2
184,82.3
158,59.6
171,76.0
169,71.6
181,79.3
167,68.5
163,66.9
162,67.2
169,70.2
189,88.5
168,70.5
155,61.8
181,74.3
167,72.3
174,73.5
163,62.6
157,62.4
156,65.1
166,69.2
198,98.1
159,62.6
160,68.7
181,78.7
164,66.4
170,68.8
192,87.7
152,61.4
169,67.3
174,74.2
158,63.8
169,67.8
167,68.3
165,68.0
170,70.5
167,67.4
181,80.1
167,65.1
174,73.8
162,64.5
164,69.6
159,60.8
163,65.4
164,65.6
169,70.6
184,82.6
172,75.6
169,72.8
185,83.2
171,66.9
160,65.8
174,75.6
168,68.3
167,68.5
162,67.2
157,64.8
185,82.7
179,75.0
160,66.5
171,69.9
184,82.1
161,64.6
161,69.0
174,73.3
152,61.5
180,78.9
190,88.6
157,63.8
160,63.5
186,80.3
163,67.3
160,65.9
148,57.5
164,65.1
160,63.5
166,67.7
184,82.7
162,65.4
152,65.3
167,65.0
188,83.5
171,71.9
176,72.8
167,73.1
192,93.4
175,74.1
177,74.0
181,74.7
173,71.8
159,64.8
156,64.7
144,60.9
183,82.8
149,62.6
161,64.2
168,70.7
180,79.0
176,74.3
181,82.1
175,77.0
188,84.2
152,59.6
177,72.4
174,70.6
173,71.6
158,64.6
167,73.7
182,82.8
175,75.7
166,66.5
179,75.0
169,68.0
185,82.3
174,76.1
179,79.1
162,58.6
173,76.0
176,76.0
167,71.4
179,79.1
172,72.1
165,69.8
171,71.5
166,68.1
160,67.4
181,80.4
178,75.7
151,60.7
166,68.4
169,66.8
180,75.6
184,78.7
158,62.9
173,72.3
172,74.4
188,85.6
176,73.0
183,82.1
163,67.5
163,68.4
184,81.3
173,72.4
178,74.0
160,67.7
168,69.3
168,71.7
173,71.6
167,76.1
185,83.4
166,65.2
168,69.0
165,65.8
169,74.8
168,75.1
175,72.1
142,60.5
177,76.9
164,63.5
177,74.7
168,63.0
193,93.0
194,90.6
167,69.4
156,62.1
179,85.2
180,75.7
180,80.6
164,63.8
183,82.1
185,81.3
163,65.9
160,62.8
167,66.7
164,71.2
179,78.3
175,71.3
164,63.5
154,62.2
159,62.6
179,73.9
176,74.3
189,85.8
166,66.1
159,66.0
159,64.2
180,77.7
176,73.6
156,60.4
156,61.6
170,72.8
160,65.9
178,84.6
170,73.9
184,88.3
159,62.5
161,64.8
154,59.8
193,94.1
159,62.1
161,66.3
176,73.1
181,78.8
162,66.9
149,60.1
169,70.0
174,72.4
182,80.3
142,57.9
194,94.1
164,66.1
184,84.6
165,61.6
176,73.7
174,70.6
192,95.3
147,59.1
174,72.4
177,77.1
162,67.3
178,76.5
167,64.8
168,67.5
163,65.9
180,78.7
178,76.9
172,73.8
192,90.5
159,65.2
179,74.9
176,75.8
167,64.8
173,71.6
180,78.8
169,67.8
169,69.5
182,83.6
178,76.8
175,75.6
171,70.6
183,82.7
155,66.5
151,63.0
172,70.4
170,68.5
185,83.9
169,68.3
156,62.1
171,69.8
167,71.8
181,78.3
179,75.2
179,80.9
158,63.7
183,83.0
169,70.5
171,73.4
179,79.1
188,87.4
178,77.2
164,64.5
173,68.2
194,97.4
156,62.6
150,59.2
165,65.6
172,71.0
166,67.0
188,86.1
181,78.9
154,64.9
155,63.8
188,85.8
181,80.4
180,83.1
169,73.1
172,70.9
177,75.7
166,69.3
179,81.9
171,73.2
193,92.0
166,65.9
178,74.7
170,70.0
176,74.9
194,92.7
158,64.3
160,67.0
171,70.9
168,67.4
186,89.0
182,76.1
178,78.1
152,62.9
183,78.2
153,62.6
162,65.9
185,85.7
169,69.8
179,76.2
162,63.2
161,72.1
170,67.0
159,65.6
173,75.1
168,69.1
182,81.4
181,81.5
156,60.4
160,60.9
179,81.4
175,72.9
159,64.6
192,93.3
170,72.7
172,71.4
180,77.7
166,70.8
178,74.7
175,72.2
148,60.1
159,63.9
161,62.6
176,72.4
170,69.6
167,72.1
159,63.2
176,76.7
175,78.7
165,62.0
174,75.8
189,85.0
164,61.9
180,74.5
195,98.0
170,69.3
182,80.8
171,68.3
186,82.7
161,61.9
180,77.3
176,74.6
170,71.9
160,66.7
160,61.4
164,66.8
157,63.3
156,64.9
161,58.6
183,82.1
181,77.9
157,62.1
162,66.9
186,86.0
159,66.0
182,76.6
166,69.3
188,84.0
163,69.6
166,68.4
162,64.7
185,86.0
170,75.0
158,65.9
168,71.5
176,78.2
190,86.4
160,64.3
171,72.4
164,68.5
169,71.6
181,78.0
158,61.3
170,67.5
194,95.8
171,70.1
156,63.8
167,68.7
176,78.0
164,63.8
180,80.2
181,74.3
190,84.8
172,74.8
161,67.7
153,59.6
180,81.1
183,81.4
176,70.0
184,80.8
164,67.5
176,77.7
176,76.6
162,62.8
163,67.3
167,65.7
179,77.8
150,66.9
169,68.2
162,67.5
165,69.5
159,59.7
166,67.2
159,65.1
174,72.1
149,61.6
168,68.2
175,74.8
164,69.4
182,82.4
176,77.4
154,60.8
175,77.3
162,61.3
170,72.8
153,58.1
169,73.4
170,76.4
153,61.4
163,67.8
187,85.9
163,68.3
174,75.0
162,65.9
150,68.0
175,74.6
160,66.0
188,85.2
186,82.1
183,80.2
166,72.3
161,65.3
160,61.4
180,75.0
162,63.6
172,70.9
183,76.3
182,82.5
168,71.4
186,81.4
164,67.1
159,65.0
166,68.3
171,74.4
181,82.9
169,71.9
168,71.3
172,69.5
165,70.3
155,60.4
178,82.6
182,82.0
150,63.5
177,75.2
162,63.4
166,68.5
148,62.7
164,65.9
180,75.6
192,92.8
171,72.7
177,77.0
172,75.1
174,69.1
179,73.9
154,61.6
163,69.8
157,65.6
190,88.1
194,91.8
170,68.6
169,64.5
166,66.7
181,78.9
170,70.8
166,66.9
163,69.7
188,83.3
185,80.8
156,59.8
186,84.5
169,70.8
158,64.8
163,65.0
154,56.1
163,61.8
160,64.9
183,82.1
176,72.0
172,70.9
183,81.0
173,73.1
175,72.8
168,72.3
164,61.3
157,64.8
177,77.4
171,73.5
172,72.5
156,62.5
150,62.8
151,61.5
163,65.2
181,78.7
181,77.7
176,75.9
167,67.6
151,63.4
165,66.9
188,84.0
185,83.0
175,74.7
158,63.2
170,69.0
170,69.4
176,70.0
176,74.2
167,69.5
164,66.8
163,66.4
194,92.1
163,61.5
182,79.5
196,98.1
162,63.4
169,71.7
161,64.9
177,73.1
168,68.0
184,79.4
156,66.1
165,66.1
176,72.9
180,79.2
162,65.3
166,67.5
170,74.0
162,66.9
159,62.8
171,64.8
171,69.1
162,67.4
168,68.6
188,84.7
173,75.7
194,95.2
182,79.2
151,59.6
166,64.8
156,59.8
177,79.7
162,68.9
156,58.7
160,63.4
159,66.2
154,61.4
164,69.1
185,84.9
151,59.1
191,89.0
172,73.3
168,70.4
149,65.1
180,81.6
177,75.0
194,98.6
155,62.5
169,66.8
157,61.1
179,79.4
160,66.8
164,67.6
159,66.3
167,68.0
164,63.9
164,64.3
178,75.0
173,72.9
158,66.0
178,74.5
156,65.8
180,80.6
178,80.2
168,68.0
186,84.9
163,63.6
169,70.2
162,65.7
173,74.3
169,67.1
192,92.9
174,73.0
168,67.9
188,87.3
146,56.9
174,69.4
149,56.5
172,72.6
165,65.3
180,78.9
192,90.9
185,83.7
150,57.8
185,80.9
170,71.0
180,80.2
169,66.1
157,63.8
181,77.8
163,69.6
152,59.4
157,64.7
187,82.6
152,61.1
178,80.3
177,74.5
150,56.2
160,66.0
172,68.6
166,68.1
180,77.5
178,75.3
191,89.6
179,76.5
152,62.1
156,59.9
171,71.8
182,78.2
163,69.0
168,70.2
155,61.8
159,65.0
158,67.2
166,68.7
186,81.2
143,54.7
160,67.6
187,86.7
177,76.1
152,58.6
170,71.2
173,75.4
167,70.4
164,65.9
160,62.4
183,82.7
166,69.7
158,63.2
156,66.4
187,82.2
171,73.1
182,79.2
191,92.9
168,68.4
180,80.3
179,79.7
165,70.6
149,58.8
153,61.4
170,68.8
171,73.5
155,59.6
164,72.4
178,75.2
181,79.6
169,75.9
173,72.2
169,66.4
171,74.2
186,85.8
170,72.8
180,74.7
159,64.5
185,86.5
156,62.8
164,69.9
163,72.3
160,62.6
186,81.6
164,64.6
186,83.6
146,61.4
170,71.8
163,65.0
167,69.2
150,61.4
184,78.7
152,63.4
195,91.3
176,78.5
181,76.7
151,58.9
165,72.7
175,75.8
155,60.3
189,91.9
169,68.7
189,85.4
175,70.5
165,66.2
160,60.7
176,75.2
180,80.1
175,78.4
157,64.7
161,66.9
164,66.6
156,63.3
175,76.5
186,81.2
185,82.2
195,95.0
168,69.2
181,82.4
165,66.2
163,66.9
170,73.7
170,70.1
170,73.6
150,62.1
180,78.3
172,69.5
168,70.0
167,68.3
175,74.8
176,78.1
156,62.5
167,66.6
174,69.9
179,76.9
180,79.7
176,72.1
157,62.7
176,78.0
188,91.7
152,61.4
177,76.7
179,79.1
175,72.9
159,62.0
179,79.1
175,76.3
176,74.1
168,72.3
159,62.8
169,72.1
176,73.7
181,79.6
156,62.7
168,75.8
179,81.5
171,69.2
164,64.6
180,76.6
156,68.6
165,68.5
176,72.2
191,86.7
154,64.4
146,59.3
159,60.7
168,66.4
179,75.7
192,89.5
149,61.7
170,69.0
156,61.3
189,86.9
176,76.6
180,79.1
182,79.9
169,67.1
178,75.9
177,75.5
183,81.4
152,62.1
195,94.2
164,64.9
167,68.8
184,84.9
158,65.0
167,71.8
166,66.3
166,70.7
178,77.9
190,87.1
170,73.1
159,61.0
180,76.9
165,69.3
180,79.8
174,79.1
160,67.7
189,91.2
179,80.0
175,72.0
156,59.5
180,76.6
189,89.7
168,67.1
169,73.1
176,74.0
177,72.8
196,98.8
171,72.9
174,71.3
179,79.4
170,67.9
168,69.4
182,78.0
159,66.0
175,77.6
167,69.8
183,80.7
158,63.0
162,63.5
182,83.4
170,74.7
175,73.5
158,61.9
184,79.7
170,72.5
183,80.7
173,70.2
182,82.2
168,64.4
173,68.9
150,58.8
161,64.7
168,72.7
164,64.2
187,88.0
168,69.7
168,74.3
174,73.2
177,73.5
156,63.8
182,80.1
183,80.4
173,74.5
181,79.9
178,75.5
180,78.7
166,67.6
180,77.8
165,67.9
183,79.0
172,75.5
178,73.5
190,90.8
186,88.4
159,66.3
175,73.1
184,87.8
162,64.2
168,69.2
160,64.9
169,65.7
164,65.6
156,63.1
164,69.8
177,73.5
184,85.8
167,67.7
168,67.9
146,61.4
160,73.3
167,69.8
179,76.5
182,81.6
168,70.5
174,74.1
183,83.5
188,90.0
165,66.4
162,70.5
175,73.4
154,64.5
182,81.5
178,74.3
165,69.6
171,75.8
162,67.1
175,72.3
157,63.4
175,71.1
182,80.3
162,64.5
185,83.6
191,95.0
171,69.9
170,72.5
167,66.9
178,75.0
172,70.8
162,64.3
176,72.0
162,67.4
176,81.0
167,66.0
167,65.7
178,76.2
177,74.2
161,67.3
151,60.6
188,86.5
162,66.7
166,72.6
170,69.7
182,79.5
174,77.4
179,80.1
188,81.2
181,76.9
166,69.9
158,58.7
169,70.9
147,55.4
156,61.0
142,55.3
183,79.6
171,70.4
176,77.2
171,73.4
170,71.6
180,82.6
179,81.2
182,74.8
184,85.0
148,60.5
157,62.0
170,73.4
174,71.8
159,67.6
146,56.5
173,73.0
165,64.9
160,64.9
168,70.4
176,75.7
166,66.6
166,63.5
183,78.5
174,78.1
189,90.1
166,68.9
170,67.5
188,88.5
156,65.3
172,73.7
167,68.0
175,70.8
170,69.2
177,75.1
187,85.6
164,72.0
166,69.7
169,68.9
178,80.5
189,89.1
170,71.2
164,68.5
194,95.2
179,73.8
163,63.0
156,61.8
172,69.5
161,68.2
173,72.3
160,62.6
148,58.3
153,60.7
172,72.9
177,77.9
163,69.2
178,79.5
172,72.9
159,64.4
161,63.9
162,63.2
174,73.5
164,68.9
187,87.9
172,72.3
176,76.6
155,57.1
153,60.7
167,69.8
181,83.2
162,66.3
192,94.1
162,65.5
175,75.3
179,74.5
179,78.8
169,69.5
147,61.1
171,69.3
192,89.8
174,72.8
180,82.7
163,66.6
188,88.0
177,74.1
187,82.7
164,65.1
166,72.1
172,73.0
175,72.9
180,79.3
172,70.3
171,73.7
179,81.1
170,73.4
181,82.7
187,86.6
158,64.0
158,62.9
182,79.4
182,84.1
180,77.6
169,69.2
182,80.5
176,77.8
158,65.3
167,71.9
183,78.3
168,70.1
170,69.6
162,64.6
173,75.0
167,66.7
170,74.0
179,80.9
171,73.5
173,70.1
186,79.6
164,62.8
171,73.4
167,64.8
153,59.7
183,84.6
168,72.5
177,76.2
171,72.8
162,66.9
171,70.4
185,87.5
182,81.4
167,64.7
158,62.2
178,76.9
177,77.0
168,70.3
160,61.4
145,57.8
186,78.9
150,61.7
174,71.7
178,74.3
194,93.6
169,71.7
164,65.4
178,77.5
173,72.1
171,73.8
172,72.5
172,72.6
159,66.6
162,69.4
169,68.8
162,63.9
199,98.6
154,65.3
171,66.7
177,77.5
176,75.5
176,74.3
169,70.4
172,70.9
164,62.9
165,69.8
178,72.7
163,70.2
168,65.5
171,74.1
170,70.1
161,67.8
186,86.5
164,66.5
147,60.4
185,83.2
162,68.5
185,77.8
188,86.2
163,64.6
183,82.6
169,71.6
140,55.4
186,80.9
160,64.0
176,78.1
177,77.0
175,75.8
182,80.2
188,88.6
161,66.7
158,68.1
178,78.2
172,71.4
193,90.6
170,70.7
167,66.1
162,63.3
164,65.3
182,81.2
178,73.3
164,65.4
171,72.1
157,63.1
180,79.4
167,63.0
158,69.7
142,61.2
155,62.4
158,63.1
182,85.3
177,70.9
163,63.1
185,81.6
172,72.4
171,71.0
162,66.9
166,68.3
183,87.2
178,76.5
163,63.2
159,61.4
172,72.4
177,77.7
173,66.3
182,77.8
187,90.4
159,65.4
168,70.0
176,75.0
172,73.8
172,72.6
159,62.3
166,65.7
184,84.8
164,64.2
168,65.8
156,64.2
168,70.4
186,86.6
171,69.7
178,72.3
181,81.0
155,62.5
177,74.8
185,82.0
160,63.9
156,61.5
174,76.8
181,82.2
183,80.9
156,64.9
180,77.2
173,75.6
196,97.8
180,79.1
168,68.1
177,76.6
162,71.5
181,78.3
157,65.4
174,70.3
165,64.5
156,62.5
160,65.8
186,79.9
176,72.1
156,62.0
184,81.4
153,60.2
187,83.8
154,60.5
176,76.0
162,70.8
168,69.5
163,65.6
180,76.8
165,61.6
167,63.0
182,77.6
170,69.7
174,73.4
190,85.7
165,65.9
173,71.8
157,64.2
171,70.1
182,85.2
173,69.3
167,69.1
168,71.1
153,58.0
168,69.3
182,79.1
163,63.2
161,65.9
173,77.5
176,75.1
171,71.9
167,69.0
164,66.3
191,85.0
173,74.6
166,69.0
165,68.0
177,74.6
163,68.8
181,80.1
178,72.4
177,75.9
188,89.5
175,73.2
168,69.7
160,63.0
177,78.9
176,74.5
181,84.4
167,65.8
169,70.9
164,66.6
156,65.2
170,66.0
194,90.7
183,79.4
187,80.7
190,88.0
161,65.7
166,64.4
169,68.6
170,70.0
180,78.2
157,59.9
193,93.8
162,67.6
166,69.2
180,78.0
157,63.7
167,70.0
174,77.5
183,79.2
184,85.1
176,75.9
172,75.7
174,72.2
175,72.3
163,62.6
184,81.2
177,76.8
175,73.0
170,70.0
162,64.3
164,67.4
189,88.5
191,93.2
182,80.4
168,66.0
184,84.6
175,77.1
166,70.3
190,88.8
162,70.6
186,87.4
174,69.5
193,97.8
176,76.5
164,68.6
185,82.7
170,69.9
154,64.5
178,77.0
184,86.3
151,62.6
178,79.3
169,71.0
172,70.6
173,71.1
173,76.3
192,88.8
160,63.2
168,71.4
198,100.0
167,66.9
182,79.0
164,68.3
167,63.5
161,63.8
188,84.5
180,81.6
169,65.3
179,76.3
157,65.3
193,89.9
155,63.4
173,70.6
168,66.4
160,61.0
163,67.1
160,65.7
172,69.4
162,63.1
176,74.8
162,63.8
176,73.4
190,87.4
173,72.2
179,79.3
160,67.7
161,61.4
184,81.0
182,81.3
159,68.2
182,78.4
151,63.3
156,62.6
174,79.1
155,63.9
168,69.1
161,63.0
180,81.1
182,80.4
171,78.5
173,68.5
181,79.7
191,90.9
184,84.3
189,91.4
170,71.7
176,76.4
173,73.5
156,64.6
173,73.3
188,88.8
186,81.8
184,83.1
171,70.2
175,75.1
179,77.1
159,58.3
170,73.4
187,86.1
181,80.7
170,72.9
192,93.1
174,70.5
168,72.9
174,72.8
155,62.8
185,85.1
174,76.9
181,80.0
187,85.9
188,89.3
156,61.1
164,63.9
162,67.2
183,79.6
159,67.1
167,68.7
185,82.5
179,76.1
180,75.5
168,73.1
189,85.5
174,79.2
164,67.7
167,68.1
156,64.0
173,76.1
165,65.7
168,64.8
188,84.0
167,68.4
181,80.2
167,65.9
189,90.7
182,81.7
161,69.1
161,64.4
171,66.3
169,69.2
167,69.8
155,63.8
160,64.1
177,74.4
170,69.2
170,66.1
176,81.0
168,70.7
171,69.1
164,64.5
184,79.8
169,66.4
171,71.5
158,60.4
183,84.1
179,76.9
175,72.3
154,59.9
182,79.9
175,72.3
180,79.5
178,75.7
186,87.1
187,87.0
168,68.8
166,68.4
189,86.9
165,69.2
169,68.5
163,66.8
162,64.2
166,67.8
187,81.2
165,70.1
198,97.4
171,64.0
174,71.2
165,66.3
180,81.4
187,90.2
164,67.1
164,65.4
180,79.1
175,69.8
165,67.5
176,81.2
175,71.8
179,80.9
170,78.2
189,88.9
172,70.6
164,66.2
169,68.6
160,61.6
173,74.5
155,60.3
148,55.5
176,77.2
156,65.6
169,71.3
150,59.2
157,65.8
197,99.1
155,63.8
158,66.3
179,80.1
185,82.8
188,85.7
173,69.8
152,58.9
182,84.6
179,74.5
155,62.0
165,66.6
151,63.1
184,80.5
185,84.8
194,89.6
179,79.8
180,79.1
169,67.6
163,65.7
176,73.4
159,61.3
178,76.2
177,77.2
154,63.5
170,69.2
164,65.6
180,85.2
166,72.2
157,60.7
185,74.9
172,69.6
186,80.9
158,63.9
187,83.7
163,66.8
146,60.9
170,64.4
180,80.3
156,59.0
152,60.9
183,78.3
182,81.7
182,81.2
179,78.0
171,68.4
185,83.0
184,82.4
177,75.5
169,69.0
155,60.3
164,64.2
194,94.4
179,82.7
156,64.2
189,90.6
159,64.6
177,76.9
180,79.5
190,89.1
185,84.4
170,71.4
164,67.8
181,77.6
166,74.3
171,69.9
185,88.4
174,71.9
176,73.7
168,67.3
174,72.6
185,84.8
167,72.1
186,87.7
192,90.7
163,68.6
159,65.7
161,66.9
169,70.6
168,69.4
157,66.6
155,58.8
175,73.3
165,69.5
174,78.3
184,80.6
163,62.9
168,68.1
162,64.5
170,68.6
170,75.2
155,63.2
184,84.7
172,71.8
174,74.4
156,66.2
171,71.1
163,64.9
166,68.2
176,75.4
182,78.5
170,70.6
157,63.8
180,78.8
177,74.6
188,90.0
179,79.1
167,68.4
176,71.7
176,75.4
164,66.2
173,74.5
187,81.8
187,85.9
170,74.1
172,73.4
167,67.7
163,68.9
162,66.9
169,74.5
153,60.4
171,72.2
168,73.4
147,59.3
188,86.3
172,71.1
182,79.6
161,67.5
185,84.8
172,70.7
169,73.2
159,63.4
162,62.8
186,86.4
179,76.1
194,90.7
161,64.9
161,63.6
173,75.9
190,89.0
180,79.0
162,67.7
164,66.9
167,68.3
175,75.2
165,67.9
174,74.0
156,63.3
165,66.6
172,77.9
184,86.2
176,76.5
185,85.1
170,68.0
174,72.8
175,74.7
165,70.8
192,87.0
189,87.9
174,72.1
156,60.7
181,81.0
172,74.4
171,68.5
180,76.9
172,66.3
189,85.8
153,62.4
179,78.4
172,68.8
182,78.4
162,70.2
173,69.9
179,73.7
167,68.1
179,75.6
184,81.3
174,78.4
166,64.9
170,71.7
186,88.0
168,68.2
155,63.9
162,65.7
175,72.0
174,73.7
171,68.8
175,75.6
151,62.1
162,67.0
174,72.8
182,81.6
182,80.9
166,68.9
163,71.1
153,57.7
170,73.5
161,66.5
167,68.9
165,66.6
162,64.4
178,78.0
169,70.1
176,76.1
181,74.8
168,68.3
160,61.8
168,66.6
167,68.0
158,65.5
151,60.0
174,70.2
158,59.9
157,66.2
158,69.3
160,66.7
181,84.6
164,66.0
173,70.6
180,75.6
162,61.8
181,77.4
175,75.5
178,75.8
162,64.6
154,63.4
177,79.0
182,80.5
181,79.1
160,62.7
180,82.0
173,74.2
179,80.7
186,83.9
182,79.7
163,67.3
171,70.0
171,73.2
160,61.4
155,61.1
159,65.7
172,75.5
175,77.8
170,67.3
174,69.1
162,65.8
187,85.1
164,68.2
165,69.6
182,77.8
175,72.1
180,81.6
183,82.4
158,63.3
164,66.9
158,62.9
187,86.9
162,67.6
175,76.6
161,64.6
152,63.3
184,83.1
158,62.9
170,72.2
166,64.2
174,74.3
176,71.1
188,86.2
177,79.4
157,61.2
165,66.0
184,80.3
164,67.4
157,63.5
166,61.4
162,68.7
158,62.4
183,84.4
187,86.7
170,67.6
168,71.9
147,59.0
140,56.1
163,62.9
186,84.4
172,73.8
192,87.5
178,78.6
168,68.9
177,77.3
195,97.8
172,71.6
153,61.7
167,67.8
176,73.7
167,64.7
178,74.1
173,69.5
166,66.7
182,85.6
170,68.9
160,67.3
178,77.0
171,69.5
186,86.3
165,63.3
176,79.0
181,80.4
161,60.5
166,66.7
177,76.8
182,80.3
173,76.9
178,77.2
179,76.8
158,68.3
182,76.8
188,83.7
165,67.0
160,63.9
176,73.3
187,85.7
163,69.2
153,57.4
160,63.9
169,73.2
174,74.3
172,69.4
159,66.3
169,72.5
189,90.2
177,79.1
191,90.0
168,68.3
145,62.0
160,65.6
180,78.0
175,76.6
168,69.1
181,77.5
169,72.8
157,62.5
184,80.4
185,81.7
166,69.5
177,71.9
179,78.5
173,77.9
183,82.9
175,74.5
178,77.1
160,64.4
172,73.5
149,59.7
149,63.1
173,70.5
187,83.0
168,72.0
171,65.9
156,65.0
167,67.2
177,79.0
164,67.8
180,77.6
172,73.3
184,80.3
163,64.0
160,67.1
168,68.8
165,68.1
178,77.4
171,73.9
178,80.9
188,85.8
169,66.0
172,73.6
155,59.3
169,68.6
172,70.6
184,87.8
170,73.3
182,84.2
183,78.8
162,66.7
181,80.5
174,80.5
162,62.7
163,71.5
152,61.0
171,70.3
157,67.9
176,74.6
165,68.6
176,76.4
167,67.3
182,79.6
161,62.6
186,83.3
175,75.3
175,76.4
188,87.6
190,90.1
175,78.5
178,77.7
176,74.0
163,67.6
168,71.2
179,75.8
177,73.9
150,60.1
172,75.5
191,89.8
172,69.6
176,73.1
170,70.1
182,80.0
154,61.6
180,75.0
185,84.5
192,91.0
163,64.2
149,60.7
158,63.7
158,62.9
179,80.2
173,74.5
175,76.2
156,61.2
170,74.7
174,74.4
184,86.4
170,69.1
172,72.8
164,66.0
149,62.3
166,63.6
176,72.8
161,64.1
159,66.4
189,90.0
174,71.2
161,63.0
159,66.1
173,74.0
188,88.8
190,89.9
186,86.5
184,87.6
192,90.2
176,78.7
195,96.1
163,67.7
173,69.7
162,65.5
170,71.9
168,67.3
168,70.5
168,67.0
159,69.7
170,68.3
176,73.4
151,63.2
191,90.3
171,71.6
160,63.8
175,75.9
163,70.8
181,75.6
160,66.0
173,75.2
162,64.3
182,85.6
187,85.2
167,73.2
171,70.7
165,69.2
187,89.0
181,76.4
176,76.0
184,81.6
172,72.5
160,63.4
171,65.5
176,75.0
170,69.1
191,87.5
162,66.1
171,70.2
184,81.3
166,65.6
176,74.8
179,80.3
177,76.2
170,73.3
150,58.5
179,75.1
164,67.8
173,71.3
181,78.5
176,74.1
160,63.0
174,73.9
164,66.0
168,71.7
185,86.0
165,68.4
173,72.3
172,72.0
171,70.8
156,62.2
174,77.6
190,92.5
192,89.2
173,72.0
166,68.4
186,81.9
185,81.5
164,66.8
174,74.0
164,67.5
178,79.4
186,81.2
185,85.1
170,71.4
176,78.3
183,83.8
160,67.1
186,82.2
148,56.7
174,74.1
182,77.3
173,71.3
179,77.0
163,69.8
164,69.8
160,65.2
159,63.9
183,80.5
175,71.4
159,66.8
172,73.2
177,76.9
170,67.4
155,57.7
160,68.3
158,63.8
157,67.1
162,69.2
174,71.0
185,85.3
157,63.5
165,72.2
164,68.8
160,62.9
156,66.6
160,65.1
172,73.4
156,64.0
167,66.7
166,67.9
185,86.5
172,75.3
180,79.1
155,61.9
179,79.3
182,81.3
152,63.1
184,84.4
162,68.1
182,78.6
159,61.3
188,85.9
174,75.7
173,74.2
160,59.7
168,68.5
168,70.7
179,74.3
177,82.6
175,71.4
163,68.3
161,68.2
172,74.3
164,62.1
179,74.3
181,80.2
162,66.6
176,71.9
157,64.1
171,69.6
172,74.7
170,74.1
166,71.4
157,63.7
149,60.0
180,78.9
170,73.9
183,85.2
186,81.0
176,80.0
172,72.8
157,60.2
164,65.6
170,66.5
159,65.8
174,73.5
158,63.6
165,62.8
174,75.8
156,66.7
150,60.4
158,63.9
177,77.4
172,71.0
173,74.1
155,62.1
159,66.2
175,77.1
174,69.4
192,91.4
188,85.4
187,84.1
187,88.6
171,65.1
162,66.0
171,72.5
156,63.7
195,90.2
185,86.5
172,71.7
179,76.3
167,69.2
183,82.3
194,92.2
171,71.0
162,65.0
162,68.1
168,68.8
172,71.6
167,66.2
186,88.2
193,91.7
168,70.3
183,81.2
175,73.6
148,57.7
173,72.8
176,78.6
166,68.2
176,76.1
190,89.3
182,79.8
185,81.0
172,69.8
170,76.4
165,64.2
180,76.8
170,67.3
175,73.8
175,73.1
169,68.5
179,77.9
182,79.0
161,68.2
177,73.8
154,62.3
155,61.6
182,80.1
163,64.0
173,71.9
176,72.7
172,75.5
171,66.6
180,76.1
173,72.9
172,73.6
158,59.5
174,75.9
166,62.8
193,90.9
175,72.2
167,67.0
154,65.3
156,62.4
182,78.1
165,67.1
185,84.7
186,83.0
173,72.8
160,61.1
188,84.6
174,71.7
180,82.0
155,65.4
196,97.9
146,61.7
173,76.4
177,76.5
191,90.1
146,59.5
168,72.3
180,75.3
166,66.5
166,67.1
182,83.6
159,59.6
155,63.9
161,65.0
171,71.5
151,62.5
189,85.8
161,63.7
169,65.6
169,71.1
162,66.3
173,73.0
161,69.6
181,80.7
165,64.0
166,71.7
185,82.0
154,62.2
156,65.0
174,77.1
168,68.2
180,80.7
178,76.0
155,64.2
173,73.2
174,71.7
167,69.2
172,70.7
172,67.1
198,97.6
164,64.5
178,80.1
181,80.9
174,74.7
171,70.6
190,88.0
154,61.3
182,79.3
177,74.7
177,77.8
166,70.7
174,74.9
177,75.9
187,79.3
175,68.2
168,69.9
176,74.3
185,84.1
192,96.3
180,80.6
160,69.5
183,81.2
160,68.0
187,85.7
174,76.8
163,64.8
182,82.5
167,66.0
174,75.9
183,84.9
160,63.8
178,74.8
178,81.7
194,96.2
160,64.5
201,103.1
178,74.2
196,98.6
160,65.3
184,85.0
180,81.1
181,77.8
181,78.8
172,68.2
186,83.5
151,58.2
175,73.2
187,85.1
174,76.0
161,66.5
164,66.1
165,65.8
172,70.9
179,77.0
176,78.0
184,85.3
180,76.1
188,87.1
154,63.3
186,86.4
182,78.4
183,83.1
157,62.3
163,68.9
158,65.5
185,83.3
135,51.4
170,72.6
177,74.9
189,87.6
175,75.7
182,84.1
166,66.2
155,58.2
152,63.4
166,68.1
182,77.3
171,72.6
154,63.0
171,75.0
152,63.4
174,74.3
161,62.6
159,68.3
190,90.4
175,78.1
162,65.0
158,62.5
153,58.2
195,95.2
193,90.3
165,67.8
187,89.7
152,64.7
170,72.4
183,81.1
171,72.8
172,76.2
173,73.4
155,61.9
170,67.1
172,69.2
166,67.8
183,81.8
164,63.0
179,77.9
165,69.7
167,63.4
182,79.4
178,77.4
159,67.0
194,96.8
187,83.9
187,89.7
178,82.6
175,76.0
202,109.9
175,78.1
180,77.8
165,67.2
145,59.8
153,59.6
168,68.2
169,68.4
174,72.3
188,88.9
172,75.6
164,66.9
179,75.6
195,96.8
174,71.0
186,82.4
167,68.1
172,71.3
173,73.6
179,78.2
176,78.1
184,84.8
184,82.0
179,77.6
155,61.5
180,76.7
161,66.2
155,60.1
161,62.6
159,62.2
156,65.8
172,71.2
189,91.0
171,71.5
159,65.3
190,89.2
162,63.7
164,67.7
168,70.6
167,71.1
175,76.9
148,61.7
180,79.4
183,80.1
175,73.5
164,68.1
173,71.6
177,73.7
176,76.3
178,75.2
162,68.9
183,81.9
165,68.5
172,74.2
172,71.4
187,84.7
188,82.4
157,65.0
176,74.3
185,88.0
179,75.6
183,80.4
180,79.3
171,67.1
179,77.6
182,80.2
154,61.6
179,77.2
176,75.0
162,66.1
170,69.8
167,72.0
178,74.0
172,69.1
182,80.6
187,83.3
183,81.1
177,77.9
170,70.3
190,90.2
177,77.2
177,70.1
159,61.9
189,88.7
183,86.7
180,80.6
180,78.5
180,78.4
169,70.7
157,60.2
166,66.2
149,59.7
160,65.9
176,77.9
185,82.3
179,81.4
182,78.8
183,79.8
179,76.5
156,62.7
165,67.9
191,90.3
179,82.5
178,77.7
188,89.8
170,67.1
176,74.0
168,68.5
162,63.7
175,74.6
165,67.1
187,85.2
186,86.3
163,68.7
172,72.7
172,68.0
154,65.4
192,87.7
193,91.9
186,85.4
159,65.8
187,88.4
189,82.5
164,66.1
169,70.1
160,65.0
187,82.4
158,64.4
188,83.0
150,60.2
159,65.1
171,66.5
181,76.4
173,73.0
162,63.5
186,82.9
182,82.4
166,63.5
177,75.4
184,81.8
159,63.7
158,67.3
176,77.7
170,69.9
175,77.1
162,69.4
180,78.3
162,66.0
173,74.4
164,71.2
189,83.5
170,71.6
168,70.6
160,63.5
184,77.3
146,57.0
174,72.7
157,64.5
184,80.1
190,89.3
176,79.4
184,80.9
165,66.1
160,64.1
193,96.0
175,74.7
159,63.9
182,80.8
160,66.0
174,73.7
176,77.3
186,85.6
161,66.0
163,61.7
187,86.6
161,64.4
175,76.6
147,57.1
187,88.1
158,64.8
163,68.1
174,78.2
183,83.8
177,78.6
145,61.4
194,94.1
166,70.7
170,73.3
172,72.5
178,75.5
185,84.6
164,68.0
162,64.8
165,70.3
164,70.8
186,85.4
178,76.9
161,67.5
183,78.8
195,94.3
179,78.2
155,61.3
177,74.2
183,79.0
172,71.8
189,83.7
188,86.8
175,76.6
176,74.7
168,66.9
161,69.1
164,67.2
176,71.9
165,71.5
166,68.8
170,65.5
158,64.8
186,84.1
176,71.1
181,81.6
157,62.1
186,83.7
156,60.1
176,76.7
175,74.9
163,66.1
166,67.3
168,67.5
166,70.7
164,64.4
188,87.8
171,69.0
180,74.0
153,60.6
170,67.9
158,64.3
178,74.2
166,68.8
149,60.9
178,76.6
154,60.7
152,57.9
168,69.0
164,64.7
154,58.3
179,73.3
169,70.8
163,68.8
176,75.3
187,79.0
156,58.8
156,61.6
180,77.3
162,66.7
166,68.8
182,78.8
156,63.3
162,69.6
181,77.2
173,72.1
183,80.1
179,77.0
166,70.9
156,65.5
164,69.5
173,71.5
162,65.3
160,68.8
178,77.3
148,60.8
170,68.1
171,72.7
176,74.0
168,71.6
168,67.4
180,77.8
171,73.7
162,60.2
206,116.0
163,62.2
172,71.6
164,66.1
176,77.5
154,65.1
190,89.5
166,69.5
162,62.5
174,74.4
167,68.8
164,68.6
166,69.7
171,68.9
186,85.7
162,65.3
172,74.4
197,95.0
182,82.1
164,67.7
159,61.5
161,62.8
162,70.1
183,79.6
184,84.8
165,66.5
150,58.5
160,63.0
180,80.9
178,76.5
191,85.6
166,64.4
162,66.2
178,74.5
167,70.6
195,96.0
169,67.7
174,71.0
166,63.6
187,83.4
175,73.2
180,79.3
166,69.9
166,71.3
156,64.6
168,70.1
183,81.0
163,65.0
181,80.6
157,60.7
166,67.4
185,84.4
170,72.3
161,66.7
172,72.1
155,65.6
184,85.7
177,77.8
161,66.0
171,72.8
172,71.4
174,76.1
149,56.4
179,77.1
160,63.3
162,65.6
170,75.0
184,82.7
196,95.2
179,77.0
183,82.1
174,75.9
152,62.8
172,73.1
174,74.3
178,74.4
191,89.7
169,72.1
164,65.6
169,65.6
150,61.6
178,75.8
185,84.9
153,59.9
169,72.8
182,80.9
171,69.9
159,64.3
169,69.9
162,65.7
172,70.7
180,79.8
168,70.8
164,61.3
177,77.7
180,75.9
177,78.5
170,67.7
182,82.4
158,64.7
169,69.8
182,79.7
179,79.4
153,62.8
176,76.3
170,70.0
175,76.0
177,77.5
170,70.4
180,77.9
178,79.5
159,65.6
170,68.2
165,69.0
160,65.2
190,92.1
189,90.4
174,74.6
177,74.2
179,79.6
181,80.6
177,76.7
179,73.5
179,79.1
162,62.8
160,64.8
178,76.7
168,67.4
159,62.3
175,72.5
187,89.7
190,91.6
173,70.6
164,69.6
175,73.8
149,58.6
166,71.9
176,73.7
179,77.1
185,81.8
180,77.6
155,63.6
150,56.3
175,72.4
179,82.0
182,77.0
168,68.6
183,82.7
190,92.7
180,79.1
162,62.2
163,64.4
160,64.4
174,74.9
178,80.8
163,64.3
160,62.7
194,90.9
165,74.2
160,68.7
176,74.5
176,77.1
170,67.9
178,76.8
170,75.4
168,71.2
172,74.3
175,72.3
182,81.3
183,81.6
169,70.9
155,62.9
173,76.3
164,72.3
180,78.8
172,67.6
157,64.5
179,81.4
183,82.9
178,76.5
161,67.6
165,68.6
169,65.4
162,67.5
193,93.8
178,74.6
159,60.5
182,82.0
172,75.6
144,57.5
176,73.8
172,70.3
167,73.6
187,87.6
175,75.8
171,69.3
185,81.1
165,70.8
166,70.5
156,60.4
172,69.9
163,66.8
169,66.7
164,69.7
188,86.1
160,59.9
165,66.6
171,68.7
155,56.4
158,62.1
186,85.6
160,64.9
164,64.5
178,75.9
183,81.3
182,79.2
169,69.1
187,80.0
158,62.1
152,62.5
179,79.3
175,69.3
184,81.0
184,82.1
176,78.2
168,74.0
166,66.2
169,67.3
160,66.8
184,83.0
191,91.3
175,72.9
153,62.6
165,66.0
177,76.3
178,76.9
197,97.0
152,63.8
155,62.1
156,62.0
176,71.3
151,64.4
186,89.3
185,86.6
169,73.6
165,68.2
178,76.5
161,65.8
183,82.2
171,72.5
182,77.6
166,66.1
166,68.2
167,64.9
180,81.0
166,70.6
157,67.7
197,94.3
158,67.2
195,98.7
177,76.0
189,87.9
161,68.1
191,89.4
182,81.3
172,78.1
164,66.0
169,68.4
166,65.5
179,79.1
178,73.4
182,79.5
175,74.9
182,85.3
186,81.0
174,76.0
159,66.0
169,74.6
191,89.0
176,77.4
163,65.3
155,62.1
170,76.6
187,86.0
182,78.8
166,68.7
188,85.2
175,79.6
180,81.2
178,78.7
167,68.4
167,68.5
167,73.1
165,63.2
178,77.4
171,68.3
194,93.7
153,57.6
187,88.7
168,68.9
146,61.4
176,73.4
169,68.7
165,70.4
180,75.0
176,76.8
181,82.6
167,71.1
186,85.3
175,74.3
172,73.3
182,79.4
179,75.7
178,73.3
178,78.9
188,88.6
169,70.6
177,74.7
154,61.9
176,75.0
190,90.1
171,70.2
149,58.2
176,72.3
188,87.6
160,65.0
154,62.0
172,73.6
162,65.5
152,60.7
181,84.9
175,70.4
182,79.7
158,62.1
159,64.7
173,72.7
184,79.3
178,76.3
162,66.9
167,69.5
190,88.6
158,62.8
174,75.7
171,68.3
170,66.4
162,68.7
175,70.7
168,69.1
156,65.8
159,66.0
153,61.3
185,85.6
192,96.0
158,62.2
171,70.4
183,77.5
166,66.9
174,71.6
156,60.5
165,66.5
175,71.3
170,72.4
167,68.3
157,63.0
160,64.9
152,60.1
153,64.6
148,62.0
177,80.0
181,79.1
164,69.3
166,68.9
173,72.9
157,58.6
183,81.1
161,65.1
169,70.0
157,63.3
187,88.1
159,65.9
168,67.0
154,65.3
166,67.5
171,74.1
161,63.4
171,74.7
169,66.1
185,82.9
188,80.6
171,79.2
147,61.9
175,76.7
166,69.5
166,63.1
156,58.0
157,68.8
182,80.6
170,68.7
167,69.3
185,86.0
190,84.2
168,64.9
164,67.3
175,68.9
176,75.7
172,70.4
167,68.8
178,77.7
179,77.9
163,63.7
170,71.6
166,69.9
170,69.9
178,78.9
185,79.8
158,65.8
177,77.0
165,67.4
185,86.2
161,63.6
161,64.0
174,74.0
173,72.2
163,68.2
146,54.3
162,63.5
157,60.8
168,67.1
164,62.5
177,79.7
190,89.0
178,76.1
170,72.9
172,71.5
172,71.4
183,82.4
178,77.9
184,86.4
184,81.6
166,72.0
174,75.5
152,63.0
177,73.0
174,74.1
162,62.0
150,58.7
155,57.9
188,86.1
173,74.9
185,84.2
143,55.7
182,78.5
184,86.0
168,67.5
171,71.5
177,72.4
176,72.2
157,67.3
178,76.0
178,78.0
180,77.6
184,85.5
162,67.6
179,78.7
153,57.5
161,66.5
184,83.3
167,73.3
183,75.8
168,68.6
159,63.6
191,92.0
166,70.2
160,66.6
188,90.1
190,88.7
161,65.6
167,72.8
145,59.9
188,90.9
186,82.7
184,77.7
167,73.0
169,70.9
150,60.0
170,72.6
192,91.9
173,69.1
190,88.5
164,71.2
162,66.1
168,68.6
168,74.3
182,79.2
182,80.7
162,62.5
173,72.9
176,75.0
186,88.4
160,63.0
186,86.0
171,74.7
179,79.6
176,75.5
156,62.6
185,79.9
183,81.9
174,75.6
158,66.1
142,56.8
155,60.9
182,81.4
183,83.3
165,66.9
164,64.2
172,70.6
154,58.5
186,83.5
187,85.6
174,72.5
160,64.0
184,80.4
191,90.9
182,82.6
165,66.0
167,71.6
170,69.1
164,67.8
154,61.6
146,61.1
189,85.4
183,78.1
161,62.0
179,78.8
164,66.6
170,74.8
177,75.6
175,75.7
175,73.7
169,69.8
159,62.6
181,78.0
157,61.2
173,73.1
154,58.7
173,75.3
167,70.2
161,64.8
187,87.3
169,74.8
165,68.3
175,76.0
183,84.4
183,81.1
175,75.5
164,63.2
149,62.1
176,70.7
167,66.1
162,67.9
172,70.3
154,60.5
185,83.6
169,65.8
181,80.6
178,78.1
178,78.2
177,74.9
161,60.8
170,70.8
157,60.3
181,87.3
165,72.7
154,64.0
183,80.6
172,66.9
166,68.8
154,62.1
162,63.8
178,73.7
178,79.3
174,74.3
178,73.5
182,81.5
184,84.1
187,87.2
179,76.1
181,80.9
169,70.8
170,71.2
173,75.3
182,80.1
169,69.6
166,65.7
180,78.7
179,79.7
177,76.3
176,78.4
157,67.0
173,70.0
170,72.1
168,68.3
183,82.5
161,65.8
156,61.6
164,69.8
162,63.9
176,77.9
181,79.9
163,66.8
187,90.9
159,67.2
179,76.9
194,96.7
154,60.0
172,74.0
150,62.8
176,73.7
146,61.2
149,58.0
173,76.6
173,75.5
182,83.6
150,58.7
190,90.0
179,79.6
167,71.5
176,75.5
168,74.0
188,86.7
183,80.7
160,63.9
178,76.1
178,74.7
179,77.0
173,71.9
190,86.2
170,73.9
162,64.2
164,71.8
163,68.2
176,72.4
170,69.6
163,64.9
174,73.1
170,69.0
179,81.0
182,81.0
158,63.2
176,77.1
178,75.8
155,61.1
162,68.1
172,72.3
172,71.0
174,72.9
160,65.1
166,65.2
170,67.8
159,66.7
206,113.6
181,83.9
173,72.4
163,67.7
153,58.6
166,69.0
172,74.2
167,73.8
183,81.4
157,63.0
160,61.9
179,79.9
166,67.3
167,69.7
181,75.4
161,63.5
182,78.6
175,75.4
159,63.4
179,77.4
165,70.6
164,69.9
179,73.7
187,89.3
170,74.8
192,94.3
172,71.7
178,76.3
153,63.8
183,79.2
157,62.2
160,59.7
168,67.3
174,75.5
158,60.9
160,65.9
154,62.6
173,73.7
178,76.5
160,65.7
185,81.8
164,65.8
164,67.1
173,70.1
174,72.2
185,85.5
185,83.6
188,88.3
179,78.2
195,100.4
162,66.5
169,68.7
175,77.2
177,75.1
157,67.0
185,87.1
169,72.0
163,69.5
174,76.8
190,87.5
170,67.7
172,70.0
174,72.1
173,74.6
162,66.7
153,61.1
171,71.0
195,92.2
169,68.3
167,72.3
154,67.5
159,62.1
184,83.2
182,78.9
181,74.6
186,85.1
175,77.5
142,58.6
157,68.0
165,67.9
183,83.1
164,69.5
169,69.8
163,63.8
159,64.1
163,63.4
179,75.1
182,74.4
173,76.3
168,65.1
161,59.9
159,66.5
180,75.2
173,77.4
176,72.8
174,73.8
159,65.4
183,84.5
184,77.9
164,66.8
183,83.8
191,91.6
175,73.7
180,75.2
174,74.6
174,71.7
167,71.1
146,59.9
173,71.9
164,67.1
182,78.8
180,77.7
160,67.2
179,81.3
180,80.2
159,64.7
175,73.8
184,86.7
189,89.2
173,71.9
159,65.2
175,73.7
169,70.9
156,59.7
160,64.9
177,71.4
185,86.0
191,89.1
166,69.1
171,72.0
180,78.0
183,79.9
195,95.4
170,68.8
156,62.8
178,80.1
178,73.6
159,63.4
151,57.9
166,67.8
175,75.2
175,76.4
157,63.7
185,81.2
172,66.5
173,72.6
163,66.3
176,74.2
168,70.8
165,68.9
170,72.7
179,79.4
180,76.8
170,74.2
161,68.0
182,80.7
198,102.1
165,69.8
184,84.8
169,71.2
182,85.5
158,65.4
192,88.3
184,80.8
165,68.6
177,79.7
190,86.8
196,94.1
164,69.1
174,74.5
191,92.0
153,62.5
181,83.6
157,63.5
155,64.0
168,73.3
163,65.9
184,81.2
166,70.7
184,82.2
159,63.1
168,71.7
158,61.4
168,68.9
168,68.3
191,89.2
168,67.3
179,73.2
166,71.0
169,70.6
158,63.4
175,70.2
188,85.6
181,78.8
169,68.0
176,71.9
154,60.6
187,85.5
154,65.0
183,82.1
181,75.5
179,73.0
186,82.2
154,61.3
178,79.6
176,80.9
186,86.7
175,71.4
173,75.0
173,76.9
166,68.7
157,65.7
173,77.7
157,63.4
172,71.7
155,63.4
200,103.6
174,73.8
149,61.9
174,71.0
169,71.0
163,68.8
176,77.8
156,65.4
165,69.3
169,66.9
186,84.7
172,75.0
153,64.8
155,64.1
163,69.3
170,69.2
166,67.2
177,72.0
144,61.9
181,78.1
156,60.2
145,61.1
173,78.5
183,79.7
179,78.5
178,76.4
182,80.6
163,66.9
190,89.1
159,63.2
168,68.5
181,82.0
174,72.8
176,76.8
185,79.0
185,85.8
155,60.1
159,69.3
185,85.4
167,69.9
162,67.9
175,75.8
168,68.4
175,73.0
185,81.5
163,66.1
165,67.8
162,67.4
188,88.5
172,74.4
166,68.3
167,66.2
161,64.8
183,82.4
192,92.2
177,78.1
165,70.5
153,61.8
174,77.5
178,77.6
163,64.2
159,66.5
185,87.7
160,63.7
164,64.6
179,80.3
160,62.8
156,62.2
165,68.7
188,91.7
161,63.7
161,64.6
169,63.5
164,71.4
182,78.7
184,83.8
182,78.7
182,80.9
170,66.4
183,82.1
154,67.5
163,64.2
155,65.5
162,67.7
146,56.2
178,73.6
181,77.4
184,84.0
183,81.3
179,77.9
160,65.6
173,79.1
153,61.3
182,76.1
166,64.9
183,83.0
179,80.2
174,75.3
178,77.4
150,61.9
197,93.4
172,76.8
184,83.7
175,76.4
161,68.2
157,61.3
174,72.1
167,69.6
159,69.6
180,81.4
154,65.5
167,68.7
164,68.4
165,67.7
177,77.9
191,92.0
163,69.2
174,70.9
171,71.6
178,76.1
182,77.9
167,71.6
168,68.8
164,67.1
182,75.7
174,75.5
192,91.3
161,59.5
171,71.6
179,75.8
176,77.9
169,63.7
167,71.2
172,74.7
158,59.1
188,81.2
174,72.4
178,79.2
190,87.6
163,67.7
160,65.8
186,81.6
169,67.9
150,58.6
170,74.8
167,69.4
159,67.3
186,86.9
163,66.2
164,67.9
171,69.8
171,68.5
179,80.0
169,72.1
175,69.6
171,71.2
175,73.9
170,69.8
160,64.7
166,63.8
178,79.7
160,67.7
171,73.4
176,76.3
164,63.4
173,75.5
179,78.5
157,64.1
183,81.9
163,70.3
160,65.6
174,72.8
160,63.1
172,71.3
193,93.3
172,74.8
178,79.6
159,62.9
177,72.0
158,62.8
182,76.9
159,63.5
174,71.5
169,71.5
174,74.7
177,75.9
163,66.0
181,77.2
177,81.0
172,76.5
180,76.4
180,82.2
175,70.7
179,80.5
164,66.8
184,80.2
167,65.0
156,64.3
179,75.4
190,85.9
182,86.7
167,67.3
187,88.2
169,73.1
169,67.8
176,77.7
158,64.5
187,82.3
161,70.1
170,77.6
180,80.7
168,74.5
164,70.7
181,79.6
163,64.5
181,84.5
184,81.9
176,75.8
168,71.5
160,65.1
165,66.3
156,61.8
171,73.3
178,75.1
172,73.5
156,62.1
161,64.6
183,81.8
157,66.1
171,71.4
176,74.9
156,63.7
186,88.9
169,70.1
179,79.1
178,79.3
176,75.6
156,63.4
175,70.4
182,82.7
164,67.2
164,67.7
186,87.3
169,74.8
160,63.4
159,63.7
166,74.1
173,74.9
151,58.3
153,58.9
169,68.9
183,80.9
158,66.8
172,72.2
158,66.2
188,84.9
173,71.6
181,77.1
162,67.0
160,67.7
166,67.1
157,61.9
193,92.0
164,69.2
185,85.3
170,70.1
195,96.6
182,81.2
189,89.9
162,67.5
168,69.2
163,66.0
185,80.7
184,82.0
176,73.9
166,69.3
154,60.9
179,79.2
176,69.2
182,85.0
170,70.0
180,83.9
191,89.3
183,82.2
160,67.5
181,77.6
163,66.8
194,92.1
162,63.2
161,68.0
169,70.1
175,73.4
162,62.0
156,61.0
187,83.9
162,73.5
178,78.6
185,84.2
175,75.5
161,62.7
183,79.4
175,71.9
186,82.8
181,81.3
170,70.2
178,77.8
170,69.4
172,71.1
166,71.3
183,84.1
174,75.2
178,78.4
161,61.9
169,71.7
168,71.3
184,84.0
181,83.1
167,66.1
182,84.6
152,62.2
168,70.2
162,64.7
188,87.0
189,91.9
166,67.1
160,61.9
174,73.8
165,64.8
179,82.6
168,71.6
168,74.8
176,75.2
178,77.5
154,61.5
181,84.9
153,62.4
178,75.5
180,79.9
178,77.3
192,90.9
176,76.3
186,84.5
176,74.4
162,68.0
171,71.9
168,68.9
182,77.5
144,57.6
179,79.7
184,81.5
180,78.1
167,69.2
185,86.3
163,67.5
158,65.0
181,78.7
160,65.4
157,66.1
191,89.6
170,72.9
155,64.3
181,77.4
188,84.2
162,65.5
178,79.5
160,62.4
163,66.8
164,66.1
163,61.9
174,71.7
154,62.3
184,84.9
160,62.9
182,79.0
162,67.2
168,71.1
154,62.7
166,69.4
166,68.6
192,96.8
197,99.2
166,66.9
170,73.1
176,76.1
186,91.2
169,66.7
179,75.7
166,68.6
178,80.0
180,82.6
176,74.3
186,81.2
168,71.0
186,80.8
154,61.9
180,74.6
170,71.2
190,91.1
193,94.7
178,77.4
148,62.0
154,66.6
178,75.5
171,68.6
173,71.9
159,65.2
172,72.8
170,69.6
200,105.5
160,63.4
193,92.2
157,66.6
163,62.8
152,56.6
201,110.5
177,74.8
173,73.1
162,66.4
162,64.8
177,74.9
171,71.8
198,100.2
163,63.9
166,69.3
184,84.8
184,82.1
167,73.8
177,73.6
181,78.2
171,73.0
160,66.2
154,67.2
179,76.7
186,82.9
181,81.1
155,66.4
182,84.9
172,71.7
154,65.0
154,65.2
194,91.5
181,79.9
163,66.7
160,59.3
149,59.5
172,72.6
194,91.8
168,72.7
158,61.4
153,60.8
161,64.2
178,77.3
156,62.3
187,81.1
187,83.9
159,65.6
167,67.7
181,77.0
162,67.2
174,73.1
172,75.5
166,66.3
168,76.1
183,81.3
171,70.0
170,72.7
172,74.4
183,80.7
174,71.8
189,86.0
165,67.0
177,71.7
157,62.7
192,91.1
163,65.1
179,78.8
185,85.4
168,72.3
168,68.0
183,82.2
188,86.6
159,63.5
182,82.0
177,74.5
177,75.1
162,67.1
177,76.7
179,79.2
176,73.1
160,63.2
179,77.2
168,76.6
176,73.9
179,71.2
182,82.7
175,72.4
151,59.4
173,74.7
184,83.1
171,71.4
160,65.3
177,80.4
179,74.4
178,75.3
168,69.3
170,71.7
162,65.8
179,79.2
141,57.8
156,65.9
178,76.2
167,70.0
178,78.4
160,62.4
166,64.5
172,74.3
171,69.4
186,79.6
181,83.9
201,105.3
170,72.5
181,79.0
181,84.1
172,73.3
190,85.0
169,70.6
174,73.9
151,60.9
152,59.8
180,77.3
162,67.2
165,66.6
184,80.8
159,66.9
154,64.0
179,73.0
176,78.6
185,84.9
190,84.3
181,78.2
163,67.8
162,65.5
185,90.3
192,92.8
168,76.4
160,68.0
177,76.9
181,80.1
180,78.1
179,81.3
171,69.4
182,78.3
180,78.1
160,61.4
177,74.8
167,69.9
172,76.6
192,93.8
153,65.6
178,75.8
157,61.8
150,58.9
169,70.0
156,62.7
163,67.1
168,70.7
164,69.1
193,95.2
168,71.9
163,64.7
173,73.3
169,74.3
188,86.8
176,76.5
163,71.7
183,81.8
175,73.3
170,68.4
156,65.3
180,76.6
187,80.8
176,75.3
184,78.9
163,66.7
169,66.9
188,83.6
171,70.9
178,81.3
166,67.7
174,71.4
183,81.8
184,83.5
181,80.5
190,90.5
179,78.9
156,58.7
175,74.8
174,73.8
166,72.6
166,69.6
175,78.3
177,75.8
173,72.1
164,65.9
178,73.1
180,77.6
188,87.2
170,77.7
156,56.7
177,77.9
196,94.1
185,87.2
173,74.7
158,66.0
184,80.8
162,66.4
193,89.5
190,96.5
146,62.3
177,78.7
161,65.7
172,71.6
179,78.1
174,74.3
164,67.7
179,79.0
182,75.1
166,72.8
187,84.2
191,91.6
176,79.3
161,64.4
184,86.6
157,59.4
169,68.3
178,74.4
155,62.7
152,60.2
163,65.7
176,73.8
183,76.0
171,70.8
179,77.8
169,67.7
178,76.1
175,76.1
173,72.0
174,73.6
174,73.9
164,63.3
172,68.4
170,70.9
170,70.7
160,62.5
174,69.2
172,74.1
175,72.3
166,71.4
180,82.8
165,71.8
170,71.5
174,73.6
162,69.1
145,58.2
175,73.9
181,83.2
159,57.2
170,67.9
169,67.7
172,71.7
183,85.7
171,71.2
157,59.8
159,65.9
183,79.6
177,74.4
188,88.6
169,73.7
170,70.7
172,72.6
192,96.6
174,71.8
152,58.9
169,65.9
173,68.8
172,75.8
181,81.1
156,58.2
174,74.7
170,72.7
177,73.5
176,75.9
155,58.0
182,83.4
190,87.6
170,70.6
154,58.1
166,67.9
166,64.1
163,66.1
184,79.0
177,80.3
185,83.1
177,75.1
182,80.2
162,64.9
165,67.1
183,80.2
174,69.6
161,68.1
158,66.4
148,58.7
157,64.7
189,88.9
174,77.2
164,64.4
159,62.6
183,82.6
172,72.8
169,68.2
158,65.4
169,70.8
183,79.5
201,101.2
181,73.2
161,64.9
190,89.2
167,67.8
181,82.5
170,74.2
165,68.0
178,76.8
165,70.0
160,67.6
167,68.7
166,67.9
168,72.0
163,69.2
183,83.0
162,66.4
191,91.8
158,60.8
177,70.8
189,83.2
169,71.0
196,93.7
180,75.9
175,77.4
170,73.7
186,80.9
181,81.3
152,58.9
172,71.3
187,84.5
163,65.8
146,58.5
191,91.8
185,78.1
188,87.1
169,63.3
169,72.1
163,69.4
166,70.6
174,69.9
184,83.2
168,72.8
160,66.4
174,76.3
160,61.4
192,88.1
185,86.8
164,66.2
168,66.5
167,67.6
151,56.9
157,68.4
176,79.7
172,76.2
176,72.5
158,63.2
174,76.9
182,81.8
166,63.7
169,75.8
158,64.7
180,74.9
158,64.5
181,77.4
169,71.7
188,87.3
185,84.6
171,74.2
174,72.6
183,83.5
165,65.7
171,71.0
158,63.0
165,67.9
169,72.7
168,67.6
142,59.4
178,76.7
154,64.6
170,67.7
188,86.2
168,67.8
187,84.5
191,85.4
171,74.0
178,79.0
172,68.8
172,72.3
165,68.5
170,72.2
194,97.4
197,96.1
180,75.0
185,80.5
158,63.7
176,75.9
185,82.7
169,65.3
175,73.4
166,69.5
162,64.6
190,89.6
150,60.2
168,73.0
201,105.5
160,64.4
147,59.1
172,71.4
158,65.0
162,68.3
181,76.0
164,61.7
170,75.0
160,66.1
148,65.0
155,61.5
169,71.3
164,68.1
169,66.8
190,93.1
164,62.1
161,66.0
174,74.0
189,91.9
166,61.3
160,66.6
169,64.7
174,74.8
173,70.9
173,75.9
149,59.2
179,76.4
162,65.7
184,85.7
172,73.6
154,61.2
158,64.9
182,80.4
178,71.1
171,71.3
169,70.4
177,75.7
180,77.0
170,73.2
182,80.0
170,71.8
160,71.2
153,62.9
162,66.7
174,73.2
164,62.0
171,74.1
166,64.9
161,66.9
175,70.9
164,66.8
182,81.4
177,79.0
172,72.3
159,66.6
159,57.6
166,67.2
172,69.5
161,62.8
170,70.5
185,88.2
176,80.2
168,64.6
169,70.3
181,81.9
168,67.2
161,61.9
178,77.7
185,80.6
175,78.4
164,65.3
156,60.8
176,73.1
177,78.8
174,70.1
168,67.0
169,66.8
178,76.1
167,67.6
183,83.2
166,68.2
172,70.2
189,88.3
172,69.7
182,81.5
191,89.1
182,77.4
156,58.8
157,62.5
182,83.5
174,72.2
155,61.4
178,77.4
177,79.7
172,71.0
174,75.2
175,77.1
161,67.1
177,76.4
187,81.7
161,65.8
163,62.8
176,71.8
153,64.4
178,75.6
180,81.5
156,64.8
188,85.4
164,65.2
174,71.5
200,104.8
153,61.9
162,69.2
172,74.2
165,67.7
183,85.2
184,82.3
180,80.1
175,77.1
181,81.7
186,85.6
174,71.8
177,77.7
168,65.4
149,64.9
150,61.3
174,74.7
172,73.6
171,68.2
171,68.8
186,85.6
176,76.8
173,72.5
151,62.1
176,74.2
185,84.0
153,61.5
193,97.4
162,70.6
161,65.8
153,63.3
182,81.6
162,64.2
168,69.6
162,67.9
157,60.8
182,76.7
163,61.4
173,76.8
175,74.2
186,84.6
160,63.9
168,73.5
152,59.7
167,69.7
168,65.8
164,72.8
174,79.5
151,58.9
170,71.1
165,70.6
175,71.6
170,70.8
182,82.0
158,56.8
181,81.5
185,84.2
172,76.1
158,60.8
171,71.0
154,63.4
169,69.4
170,73.3
164,64.2
156,61.8
169,72.3
177,73.6
162,64.0
172,74.5
189,85.8
158,62.0
155,56.5
160,63.3
161,67.4
162,62.9
171,69.9
173,75.6
158,61.5
155,60.0
175,71.9
156,65.2
192,96.4
163,66.7
151,62.0
188,85.1
177,76.8
178,79.2
164,68.7
180,78.7
175,78.7
160,67.1
193,91.4
169,67.0
159,66.2
186,83.3
166,68.4
160,63.6
168,69.0
162,66.0
158,64.0
168,69.5
180,78.4
171,70.8
179,79.6
177,75.8
175,76.6
186,83.6
177,75.2
184,81.0
187,83.0
154,65.8
173,74.3
160,63.2
171,71.9
160,68.3
166,66.5
174,74.9
178,79.7
161,63.7
174,70.6
174,73.6
187,83.6
172,72.5
173,70.2
176,78.8
186,85.4
163,71.4
159,67.4
165,71.1
190,85.7
149,58.5
166,67.4
173,72.8
162,68.4
185,85.4
174,75.5
165,68.1
178,77.1
164,62.9
170,65.2
170,71.1
167,67.3
188,89.6
189,86.9
169,72.4
156,65.2
174,75.1
190,90.7
195,95.8
156,63.1
188,90.2
150,56.1
170,70.6
164,68.9
154,63.1
146,57.6
181,79.8
167,64.7
191,88.8
174,72.4
160,61.6
187,91.2
171,74.9
165,66.3
171,71.1
173,70.7
169,75.0
182,78.0
186,86.9
174,73.2
175,77.5
160,65.3
182,82.0
156,66.7
174,75.3
164,66.1
188,88.7
166,67.7
180,74.7
164,69.0
172,71.3
180,75.1
150,59.2
164,65.2
188,89.8
168,68.3
191,92.9
181,77.4
163,63.7
160,67.2
187,83.8
161,66.2
174,70.9
174,72.7
176,79.4
169,71.6
169,65.5
182,82.5
188,90.2
153,64.5
172,65.8
174,75.5
148,57.8
174,68.7
177,72.2
171,70.0
178,78.8
173,77.6
157,66.0
167,63.7
168,70.2
166,65.8
158,65.2
151,62.3
163,61.9
182,82.9
182,81.8
189,88.9
167,66.1
176,78.8
160,63.6
186,85.4
183,80.7
196,94.6
185,85.3
163,67.0
176,77.9
174,75.1
177,77.5
174,72.3
171,68.7
186,83.0
175,72.7
174,71.0
164,70.5
182,79.1
175,72.6
184,83.1
167,69.8
156,62.6
171,74.7
169,64.7
176,75.9
179,76.8
186,80.7
152,60.5
168,73.5
191,92.3
172,75.1
162,63.8
194,97.9
165,69.7
171,73.0
188,85.6
164,68.0
172,67.5
172,70.4
167,72.0
156,64.2
162,67.4
185,79.9
188,89.3
178,72.7
156,58.5
168,67.7
173,71.7
161,68.3
181,81.1
179,79.6
168,69.9
181,80.9
166,71.0
165,67.1
179,74.3
168,68.3
180,77.8
160,63.3
191,90.0
185,82.2
164,67.4
184,82.8
162,70.7
156,58.9
191,87.1
158,63.4
178,76.6
174,70.7
186,81.7
162,65.0
174,75.7
179,77.0
185,80.0
167,71.8
155,63.0
184,86.5
194,93.0
176,74.8
171,77.9
163,67.5
180,76.5
174,73.4
171,70.7
156,64.8
162,67.4
164,68.1
156,65.9
163,63.1
155,65.2
173,71.0
176,73.2
184,81.3
170,75.3
183,83.1
159,67.2
152,59.8
168,68.9
161,65.9
156,62.6
161,64.6
152,61.6
181,77.5
174,73.0
173,67.6
152,60.5
173,78.6
159,63.5
181,78.7
162,66.9
195,91.5
171,72.7
181,81.7
165,68.3
164,67.7
156,61.7
168,71.8
147,60.0
157,66.1
168,68.5
160,66.2
162,63.2
187,88.5
164,67.2
157,64.5
180,74.9
188,87.9
174,73.5
202,105.3
162,67.5
161,63.4
153,63.3
195,96.0
152,61.6
170,71.2
175,75.9
161,66.0
170,69.4
161,68.0
176,72.8
162,63.3
184,79.7
154,61.1
177,80.0
158,64.5
159,65.0
202,104.6
178,82.8
179,79.2
188,85.4
163,66.7
177,74.4
165,70.3
184,86.7
176,74.7
173,71.0
179,82.5
171,71.4
150,62.7
176,70.5
166,68.4
179,76.9
175,73.1
174,70.7
150,59.5
176,70.9
184,81.8
161,66.9
169,64.5
140,60.6
170,67.1
159,65.9
187,80.5
181,80.0
197,97.2
162,64.1
161,68.1
164,64.8
190,84.1
176,78.0
161,66.7
160,66.5
170,70.2
171,68.8
177,76.2
180,77.3
191,89.9
178,83.7
170,72.1
158,68.7
166,68.5
167,70.2
174,73.8
158,66.5
179,77.6
174,70.0
178,72.8
164,69.5
171,72.7
178,74.5
164,67.7
182,79.6
188,83.0
180,77.2
172,70.0
180,83.6
167,66.5
170,73.3
169,66.1
183,84.9
190,85.3
178,73.6
188,89.8
158,60.9
167,69.6
176,75.6
184,77.1
183,78.9
171,72.0
174,72.6
183,77.5
155,59.2
182,81.9
191,89.7
164,65.1
187,86.8
174,67.5
162,65.6
168,68.7
174,77.5
167,65.2
163,66.4
186,81.6
162,69.0
189,91.5
141,58.2
174,75.0
161,61.3
176,73.0
178,77.6
176,80.7
166,68.8
154,62.9
163,65.1
173,75.8
157,64.8
185,88.1
159,66.5
174,72.3
174,77.0
173,74.0
166,64.4
184,81.0
160,66.7
186,86.9
180,80.2
178,79.6
163,66.2
180,75.9
168,68.5
168,67.8
180,84.9
183,83.3
152,62.5
174,70.2
164,70.8
170,70.3
160,63.5
164,63.5
163,62.2
174,75.2
180,78.1
166,70.0
176,76.0
163,70.2
158,61.7
167,71.3
181,79.3
150,64.9
180,78.7
165,66.8
179,76.5
178,79.0
185,84.5
167,68.7
191,93.2
180,79.7
180,78.8
165,67.5
161,64.6
175,72.1
165,68.7
162,67.1
163,66.3
163,68.6
186,83.6
157,64.7
158,67.4
160,65.0
168,69.3
166,67.8
174,72.5
151,63.1
175,72.1
176,76.5
189,89.8
175,74.1
178,78.2
158,63.6
154,63.7
180,78.0
181,77.8
148,59.3
191,90.0
182,78.7
161,64.6
186,86.4
168,72.5
179,79.6
160,64.7
179,76.8
176,73.6
188,91.0
158,66.0
167,65.5
148,59.9
151,65.3
182,76.7
176,72.2
153,59.9
183,78.7
178,81.6
162,66.3
178,77.1
180,82.2
174,74.0
164,69.1
164,69.4
185,82.8
199,101.5
176,74.5
172,72.3
155,61.8
158,59.4
170,65.7
166,70.0
183,79.7
156,62.6
156,63.0
164,65.2
164,68.8
182,81.7
174,76.9
172,71.9
162,65.4
169,72.9
167,69.8
166,69.5
176,74.3
166,64.7
176,76.8
182,82.1
167,68.5
161,63.5
183,82.9
167,70.2
179,81.5
182,77.3
193,89.8
193,85.8
161,64.8
164,65.1
172,72.1
169,72.0
151,62.4
190,88.2
163,65.5
162,65.2
165,67.7
164,69.7
162,64.4
182,85.9
166,71.4
152,65.6
159,63.6
168,66.3
164,67.5
178,76.1
149,56.2
168,72.7
160,65.0
155,61.9
151,66.8
188,85.5
188,88.3
158,64.7
172,71.6
177,79.3
156,64.2
168,70.8
163,64.7
179,73.9
150,65.1
168,71.6
182,79.1
175,72.6
173,72.2
185,84.2
175,71.8
158,59.7
188,84.9
177,75.3
174,75.8
185,81.0
158,63.9
168,69.0
172,77.0
177,76.7
184,84.4
166,67.4
179,80.4
183,80.6
183,84.1
171,67.7
182,80.3
180,78.2
175,76.4
176,80.1
162,62.8
164,70.3
148,60.5
150,57.9
160,64.7
180,73.4
162,64.9
160,63.9
166,68.5
167,69.2
184,85.4
156,57.8
176,78.4
178,80.6
167,65.1
189,90.1
160,59.1
180,77.0
188,90.3
177,78.3
169,68.5
174,78.3
170,74.9
159,71.7
176,76.4
159,66.3
155,59.8
183,82.3
179,78.6
185,84.2
172,68.6
169,65.0
174,75.1
157,64.4
189,86.6
171,73.3
163,70.2
157,65.8
167,71.6
165,66.2
189,90.9
167,72.4
170,71.7
171,74.0
178,72.7
183,82.7
162,65.2
159,64.0
172,72.0
146,61.1
171,71.1
174,70.6
191,89.3
162,64.8
168,68.2
172,75.7
148,62.6
168,72.2
165,68.8
194,92.0
170,70.6
188,87.8
165,70.8
163,69.8
178,76.6
184,79.8
159,64.0
160,65.0
168,69.7
171,70.0
181,75.8
168,69.3
166,63.7
183,78.7
189,89.9
159,70.1
183,79.9
155,64.0
177,80.3
167,65.5
183,79.1
183,82.6
173,71.0
179,81.6
187,86.9
175,71.3
174,69.6
161,64.9
169,67.6
166,65.8
159,64.5
171,71.8
166,69.2
161,63.0
169,66.4
182,80.1
185,82.6
158,67.7
163,66.4
170,69.9
159,65.4
160,66.1
173,71.9
167,67.1
171,70.8
157,60.9
164,67.7
180,78.1
175,74.7
152,64.0
168,71.6
175,80.2
162,65.2
179,74.5
164,67.6
186,85.6
170,71.1
174,73.9
156,64.1
166,67.1
166,64.8
160,63.3
161,65.5
180,80.4
175,77.5
169,72.8
166,66.2
181,75.0
160,62.0
176,76.4
188,86.9
174,69.9
169,68.3
179,75.1
140,55.2
185,80.5
194,94.2
162,67.2
174,73.6
179,78.9
165,63.9
165,68.2
191,90.0
169,72.9
187,85.2
159,65.5
185,83.4
168,70.6
170,67.6
164,70.7
167,69.4
183,81.9
188,87.7
172,72.6
148,63.8
173,75.7
184,81.0
158,63.3
186,81.8
170,73.7
143,58.9
177,73.7
165,66.6
170,68.1
172,73.1
176,75.0
162,70.3
191,87.7
181,84.0
180,79.1
169,69.2
187,85.8
176,73.5
169,71.8
180,78.0
158,67.0
170,73.6
174,73.6
186,81.3
158,61.1
193,94.4
172,71.8
182,78.5
177,73.1
161,63.5
170,73.8
172,71.0
173,74.4
188,87.4
185,82.8
171,73.5
168,70.0
165,63.8
162,64.6
156,64.2
170,72.8
180,81.0
178,75.8
163,66.3
181,77.9
194,95.1
175,74.7
139,56.5
182,78.7
199,97.2
172,75.6
180,81.9
162,70.9
186,80.8
184,80.9
176,75.6
171,71.8
178,74.2
164,67.1
182,78.7
178,75.9
181,75.8
169,69.0
181,81.5
181,80.2
175,73.6
168,67.0
160,62.6
159,66.1
186,84.7
183,82.8
195,98.1
175,77.7
164,71.0
157,61.4
176,77.6
150,63.7
162,66.8
170,72.7
165,69.7
170,73.3
184,87.3
180,76.3
162,69.2
184,84.7
168,68.8
174,78.2
156,63.3
179,76.1
172,74.6
175,74.3
167,69.1
187,85.9
170,68.7
163,67.1
176,72.5
183,82.5
162,63.3
163,69.5
167,72.6
184,79.7
168,68.6
159,62.7
185,82.1
161,67.4
163,64.7
168,73.6
164,66.0
176,73.3
173,72.0
154,60.4
167,70.0
179,77.8
177,78.2
176,76.1
166,65.9
175,75.1
160,65.3
156,62.8
176,72.1
172,71.3
157,62.6
173,68.8
195,92.9
186,82.3
164,69.1
166,68.9
166,67.0
179,76.2
170,72.7
165,69.7
171,74.3
171,68.5
177,77.3
189,88.3
161,65.6
164,70.9
171,74.4
180,75.3
176,73.2
171,72.5
197,97.9
172,71.9
155,60.2
160,68.1
173,75.1
195,94.0
161,71.1
153,60.2
176,73.9
176,72.1
186,84.0
155,63.3
165,68.1
177,78.8
182,80.2
184,81.5
180,76.1
160,67.2
160,61.9
160,62.5
178,78.7
165,71.3
162,66.7
163,65.0
177,77.3
176,76.4
173,71.9
168,70.1
174,77.5
190,88.7
159,68.0
175,75.6
161,67.1
170,69.4
153,61.3
202,106.2
189,86.2
168,63.6
165,71.2
188,88.8
176,80.4
200,101.8
172,73.5
188,88.6
182,79.5
177,74.3
196,98.2
165,74.6
181,80.0
158,61.1
186,85.3
196,95.4
186,83.2
190,89.1
186,82.7
170,63.7
169,75.2
164,67.8
166,68.5
177,74.2
154,61.7
168,72.2
169,68.1
159,67.9
178,76.0
186,84.9
166,65.8
183,80.6
166,70.7
191,93.5
172,72.7
180,79.7
175,79.8
170,71.7
162,69.2
181,76.9
172,70.2
167,73.1
159,59.9
166,68.6
158,63.4
159,65.0
171,67.7
168,68.9
185,88.5
184,82.8
176,76.3
167,69.2
167,66.1
183,80.9
168,68.9
165,70.6
150,61.9
171,68.8
188,83.8
188,84.7
170,75.3
158,61.9
177,77.1
163,67.4
165,69.0
188,88.0
159,61.2
188,90.7
168,71.5
171,67.3
161,71.3
170,75.6
163,65.1
180,83.1
190,85.7
186,81.0
169,75.5
182,79.6
170,68.0
169,69.3
179,76.8
172,71.2
183,83.8
196,96.5
147,60.3
200,103.2
168,71.1
177,73.3
174,73.7
156,66.9
161,63.2
161,67.8
171,66.2
156,61.3
155,63.7
159,67.2
180,77.4
152,56.1
164,65.1
182,81.3
182,79.4
179,79.9
170,67.4
155,60.6
159,64.7
170,69.4
184,80.1
166,68.9
164,65.0
161,69.1
173,71.6
175,74.5
174,67.6
159,58.5
178,75.8
172,75.1
186,85.1
175,72.1
194,95.9
176,79.3
161,67.6
158,58.7
165,64.5
164,66.0
163,64.3
168,70.1
148,56.1
170,63.0
171,67.8
170,72.3
144,57.5
166,63.0
178,78.5
157,63.1
169,69.6
172,74.6
180,83.9
176,75.7
173,70.4
189,87.5
180,73.9
162,67.1
169,71.7
177,74.6
171,70.5
193,90.6
147,61.6
167,67.3
170,72.8
180,76.2
189,84.7
168,71.7
168,65.7
159,67.0
153,66.8
154,61.6
182,81.9
177,77.3
168,70.9
187,83.6
165,69.1
163,64.3
181,80.2
179,77.3
170,71.8
174,71.0
182,81.5
186,88.1
174,76.7
169,66.6
157,67.8
182,84.6
169,72.3
178,80.7
178,77.7
183,80.5
159,64.3
154,65.7
176,74.6
173,69.9
181,82.4
175,77.1
161,66.6
168,69.1
165,65.7
178,81.4
176,73.9
165,65.3
164,65.5
172,73.6
158,61.7
177,78.0
179,76.8
175,77.2
194,96.1
158,59.6
182,82.5
161,65.0
171,70.1
189,89.1
169,68.6
172,73.2
192,94.5
167,71.6
170,72.0
175,74.8
160,69.4
191,86.6
178,81.5
188,86.3
174,71.1
156,65.9
181,80.8
195,99.8
168,70.9
186,86.3
166,69.9
165,67.1
179,76.7
157,67.1
163,66.3
181,80.0
165,65.9
178,79.3
148,58.5
198,101.2
172,74.3
181,83.1
192,91.9
196,99.2
180,81.5
167,63.3
172,68.5
163,70.8
150,63.3
164,68.6
186,80.6
176,73.2
184,81.9
158,64.6
183,84.3
166,72.4
154,60.3
180,77.0
174,72.9
176,76.1
170,68.4
165,66.1
162,67.1
157,65.4
195,94.8
156,59.8
168,68.2
190,82.3
176,74.4
174,74.0
184,84.1
177,71.6
160,62.9
182,76.8
162,63.1
164,68.2
171,73.5
176,72.0
170,70.8
160,68.3
186,89.6
155,66.0
173,73.0
178,80.1
186,83.4
173,73.9
183,84.3
152,60.9
172,69.7
163,66.3
174,75.2
161,65.3
190,89.7
180,75.3
175,69.3
150,60.5
178,74.4
153,59.7
171,70.8
153,64.6
146,58.3
151,63.2
188,81.9
172,68.8
165,66.1
165,67.3
171,74.6
187,84.5
166,68.8
177,71.5
171,70.4
190,94.3
176,76.3
160,63.1
178,73.7
151,60.1
151,59.8
180,79.2
160,71.0
149,57.3
170,66.2
176,72.1
170,73.4
178,77.6
172,72.4
173,77.0
171,72.2
161,63.7
176,72.9
169,71.7
157,67.8
155,63.5
186,85.3
152,61.5
167,65.0
188,86.2
184,85.1
181,79.1
178,72.6
169,67.7
195,98.6
170,69.0
